Workbook

Sheet Data Saham
A1: Date | B1: IHSG | C1: BBCA | D1: BBRI | E1: BMRI | F1: BBNI | G1: TLKM | H1: ASII | I1: ICBP | J1: INDF | K1: ADRO | L1: ITMG | M1: ANTM | N1: MDKA | O1: PGAS | P1: TOWR | Q1: EXCL | R1: KLBF | S1: CPIN | T1: JPFA | U1: SMGR | V1: UNTR | W1: BRPT | X1: AKRA | Y1: AMRT | Z1: ACES | AA1: MAPI | AB1: GOTO | AC1: BUKA | AD1: SMRA | AE1: PWON | AF1: CTRA
A2: 45719 | B2: 6519.66 | C2: 8800 | D2: 3670 | E2: 4900 | F2: 4260 | G2: 2400 | H2: 4680 | I2: 10575 | J2: 7350 | K2: 2050 | L2: 24025 | M2: 1585 | N2: 1525 | O2: 1520 | P2: 555 | Q2: 2220 | R2: 1110 | S2: 4420 | T2: 2020 | U2: 2340 | V2: 22425 | W2: 820 | X2: 1235 | Y2: 2360 | Z2: 670 | AA2: 1420 | AB2: 80 | AC2: 139 | AD2: 386 | AE2: 380 | AF2: 820
A3: 45750 | B3: 6380.4 | C3: 8850 | D3: 3670 | E3: 4840 | F3: 4220 | G3: 2380 | H3: 4690 | I3: 10575 | J3: 7325 | K3: 1910 | L3: 23075 | M3: 1540 | N3: 1470 | O3: 1520 | P3: 535 | Q3: 2220 | R3: 1110 | S3: 4260 | T3: 2020 | U3: 2210 | V3: 22175 | W3: 800 | X3: 1210 | Y3: 2390 | Z3: 665 | AA3: 1380 | AB3: 77 | AC3: 133 | AD3: 372 | AE3: 380 | AF3: 810
A4: 45780 | B4: 6531.4 | C4: 9000 | D4: 3840 | E4: 4860 | F4: 4460 | G4: 2450 | H4: 4900 | I4: 10400 | J4: 7425 | K4: 1900 | L4: 23225 | M4: 1620 | N4: 1480 | O4: 1520 | P4: 545 | Q4: 2270 | R4: 1090 | S4: 4790 | T4: 2110 | U4: 2270 | V4: 23675 | W4: 795 | X4: 1205 | Y4: 2390 | Z4: 680 | AA4: 1425 | AB4: 82 | AC4: 135 | AD4: 374 | AE4: 392 | AF4: 835
A5: 45811 | B5: 6617.85 | C5: 8975 | D5: 3950 | E5: 4870 | F5: 4590 | G5: 2400 | H5: 4900 | I5: 10350 | J5: 7300 | K5: 2050 | L5: 23500 | M5: 1625 | N5: 1475 | O5: 1505 | P5: 535 | Q5: 2250 | R5: 1150 | S5: 4390 | T5: 2130 | U5: 2330 | V5: 24925 | W5: 815 | X5: 1280 | Y5: 2370 | Z5: 675 | AA5: 1435 | AB5: 82 | AC5: 143 | AD5: 382 | AE5: 410 | AF5: 870
A6: 45841 | B6: 6636 | C6: 8925 | D6: 3810 | E6: 4840 | F6: 4540 | G6: 2410 | H6: 4930 | I6: 10550 | J6: 7250 | K6: 2000 | L6: 23700 | M6: 1630 | N6: 1530 | O6: 1510 | P6: 535 | Q6: 2250 | R6: 1160 | S6: 4310 | T6: 2120 | U6: 2360 | V6: 24050 | W6: 820 | X6: 1305 | Y6: 2420 | Z6: 670 | AA6: 1455 | AB6: 86 | AC6: 138 | AD6: 388 | AE6: 414 | AF6: 880
A7: 45933 | B7: 6598.21 | C7: 8925 | D7: 3760 | E7: 4710 | F7: 4450 | G7: 2390 | H7: 4770 | I7: 10600 | J7: 7550 | K7: 1915 | L7: 23850 | M7: 1490 | N7: 1400 | O7: 1485 | P7: 525 | Q7: 2270 | R7: 1080 | S7: 4520 | T7: 2180 | U7: 2440 | V7: 23650 | W7: 810 | X7: 1290 | Y7: 2440 | Z7: 675 | AA7: 1480 | AB7: 85 | AC7: 138 | AD7: 388 | AE7: 408 | AF7: 865
A8: 45964 | B8: 6545.85 | C8: 8925 | D8: 3790 | E8: 4740 | F8: 4450 | G8: 2370 | H8: 4800 | I8: 10425 | J8: 7275 | K8: 1850 | L8: 23900 | M8: 1520 | N8: 1310 | O8: 1450 | P8: 510 | Q8: 2260 | R8: 1060 | S8: 4310 | T8: 2120 | U8: 2330 | V8: 23700 | W8: 800 | X8: 1280 | Y8: 2320 | Z8: 665 | AA8: 1465 | AB8: 80 | AC8: 134 | AD8: 382 | AE8: 398 | AF8: 840
A9: 45994 | B9: 6665.04 | C9: 9125 | D9: 3890 | E9: 4880 | F9: 4530 | G9: 2450 | H9: 4810 | I9: 10925 | J9: 7475 | K9: 1850 | L9: 23275 | M9: 1545 | N9: 1330 | O9: 1510 | P9: 510 | Q9: 2270 | R9: 1070 | S9: 4360 | T9: 2120 | U9: 2340 | V9: 23350 | W9: 795 | X9: 1305 | Y9: 2400 | Z9: 655 | AA9: 1560 | AB9: 83 | AC9: 133 | AD9: 388 | AE9: 398 | AF9: 845
A10: 03/13/2025 | B10: 6647.42 | C10: 8975 | D10: 3800 | E10: 4740 | F10: 4530 | G10: 2430 | H10: 4730 | I10: 11000 | J10: 7300 | K10: 1865 | L10: 23400 | M10: 1535 | N10: 1340 | O10: 1555 | P10: 515 | Q10: 2250 | R10: 1085 | S10: 4380 | T10: 2120 | U10: 2330 | V10: 23050 | W10: 800 | X10: 1175 | Y10: 2400 | Z10: 645 | AA10: 1495 | AB10: 81 | AC10: 131 | AD10: 390 | AE10: 394 | AF10: 835
A11: 03/14/2025 | B11: 6515.63 | C11: 8750 | D11: 3750 | E11: 4740 | F11: 4430 | G11: 2420 | H11: 4620 | I11: 10750 | J11: 7175 | K11: 1810 | L11: 23125 | M11: 1590 | N11: 1340 | O11: 1535 | P11: 505 | Q11: 2260 | R11: 1050 | S11: 4240 | T11: 2090 | U11: 2260 | V11: 22725 | W11: 780 | X11: 1140 | Y11: 2360 | Z11: 600 | AA11: 1500 | AB11: 80 | AC11: 130 | AD11: 396 | AE11: 388 | AF11: 830
A12: 03/17/2025 | B12: 6471.95 | C12: 8600 | D12: 3830 | E12: 4680 | F12: 4330 | G12: 2420 | H12: 4620 | I12: 10950 | J12: 7275 | K12: 1815 | L12: 22925 | M12: 1655 | N12: 1440 | O12: 1525 | P12: 520 | Q12: 2270 | R12: 1060 | S12: 4320 | T12: 2050 | U12: 2260 | V12: 23225 | W12: 775 | X12: 1125 | Y12: 2430 | Z12: 615 | AA12: 1460 | AB12: 79 | AC12: 134 | AD12: 400 | AE12: 384 | AF12: 850
A13: 03/18/2025 | B13: 6223.39 | C13: 8300 | D13: 3680 | E13: 4530 | F13: 4190 | G13: 2420 | H13: 4650 | I13: 10825 | J13: 7075 | K13: 1795 | L13: 22500 | M13: 1635 | N13: 1420 | O13: 1510 | P13: 515 | Q13: 2250 | R13: 1015 | S13: 4340 | T13: 1990 | U13: 2210 | V13: 22450 | W13: 655 | X13: 1085 | Y13: 2240 | Z13: 580 | AA13: 1340 | AB13: 83 | AC13: 132 | AD13: 384 | AE13: 372 | AF13: 805
A14: 03/19/2025 | B14: 6311.66 | C14: 8325 | D14: 3710 | E14: 4680 | F14: 4170 | G14: 2430 | H14: 4690 | I14: 10725 | J14: 7200 | K14: 1800 | L14: 22650 | M14: 1660 | N14: 1410 | O14: 1500 | P14: 520 | Q14: 2270 | R14: 1030 | S14: 4500 | T14: 1985 | U14: 2230 | V14: 22325 | W14: 670 | X14: 1095 | Y14: 2170 | Z14: 595 | AA14: 1330 | AB14: 82 | AC14: 137 | AD14: 400 | AE14: 380 | AF14: 810
A15: 03/20/2025 | B15: 6381.67 | C15: 8375 | D15: 3660 | E15: 4620 | F15: 4080 | G15: 2390 | H15: 4710 | I15: 10600 | J15: 7025 | K15: 1800 | L15: 22900 | M15: 1645 | N15: 1430 | O15: 1540 | P15: 520 | Q15: 2270 | R15: 1090 | S15: 4500 | T15: 1995 | U15: 2250 | V15: 22625 | W15: 675 | X15: 1100 | Y15: 2130 | Z15: 505 | AA15: 1285 | AB15: 81 | AC15: 144 | AD15: 398 | AE15: 370 | AF15: 790
A16: 03/21/2025 | B16: 6258.18 | C16: 7900 | D16: 3700 | E16: 4410 | F16: 3770 | G16: 2310 | H16: 4840 | I16: 10575 | J16: 6975 | K16: 1800 | L16: 22475 | M16: 1585 | N16: 1375 | O16: 1540 | P16: 525 | Q16: 2260 | R16: 1120 | S16: 4480 | T16: 1980 | U16: 2120 | V16: 22875 | W16: 700 | X16: 1100 | Y16: 1940 | Z16: 500 | AA16: 1250 | AB16: 81 | AC16: 142 | AD16: 386 | AE16: 352 | AF16: 735
A17: 03/24/2025 | B17: 6161.22 | C17: 7950 | D17: 3610 | E17: 4460 | F17: 3720 | G17: 2330 | H17: 4690 | I17: 10425 | J17: 6800 | K17: 1750 | L17: 21875 | M17: 1590 | N17: 1345 | O17: 1525 | P17: 505 | Q17: 2260 | R17: 1105 | S17: 4400 | T17: 1980 | U17: 2220 | V17: 22700 | W17: 655 | X17: 1095 | Y17: 1820 | Z17: 500 | AA17: 1260 | AB17: 80 | AC17: 140 | AD17: 378 | AE17: 338 | AF17: 720
A18: 03/25/2025 | B18: 6235.62 | C18: 8050 | D18: 3800 | E18: 4740 | F18: 3900 | G18: 2340 | H18: 4650 | I18: 10375 | J18: 6800 | K18: 1745 | L18: 22450 | M18: 1600 | N18: 1350 | O18: 1500 | P18: 505 | Q18: 2230 | R18: 1135 | S18: 4400 | T18: 1955 | U18: 2510 | V18: 22825 | W18: 645 | X18: 1135 | Y18: 1870 | Z18: 505 | AA18: 1305 | AB18: 79 | AC18: 137 | AD18: 380 | AE18: 340 | AF18: 745
A19: 03/26/2025 | B19: 6472.36 | C19: 8525 | D19: 4000 | E19: 5150 | F19: 4250 | G19: 2440 | H19: 4800 | I19: 10550 | J19: 6925 | K19: 1840 | L19: 22950 | M19: 1650 | N19: 1450 | O19: 1550 | P19: 525 | Q19: 2250 | R19: 1100 | S19: 4480 | T19: 2010 | U19: 2750 | V19: 23500 | W19: 680 | X19: 1105 | Y19: 2010 | Z19: 520 | AA19: 1325 | AB19: 83 | AC19: 143 | AD19: 392 | AE19: 348 | AF19: 770
A20: 03/27/2025 | B20: 6510.62 | C20: 8500 | D20: 4050 | E20: 5200 | F20: 4240 | G20: 2410 | H20: 4920 | I20: 10175 | J20: 7100 | K20: 1845 | L20: 22950 | M20: 1635 | N20: 1430 | O20: 1555 | P20: 505 | Q20: 2280 | R20: 1135 | S20: 4390 | T20: 2010 | U20: 2650 | V20: 23550 | W20: 710 | X20: 1095 | Y20: 2050 | Z20: 500 | AA20: 1350 | AB20: 83 | AC20: 143 | AD20: 394 | AE20: 340 | AF20: 750
A21: 45873 | B21: 5996.14 | C21: 7775 | D21: 3640 | E21: 4670 | F21: 4030 | G21: 2290 | H21: 4480 | I21: 9700 | J21: 7200 | K21: 1645 | L21: 21825 | M21: 1400 | N21: 1220 | O21: 1445 | P21: 460 | Q21: 2200 | R21: 1055 | S21: 3980 | T21: 1895 | U21: 2260 | V21: 20100 | W21: 645 | X21: 970 | Y21: 2030 | Z21: 450 | AA21: 1150 | AB21: 71 | AC21: 126 | AD21: 352 | AE21: 312 | AF21: 720
A22: 45904 | B22: 5967.99 | C22: 7925 | D22: 3630 | E22: 4710 | F22: 4040 | G22: 2320 | H22: 4620 | I22: 9575 | J22: 6675 | K22: 1650 | L22: 22775 | M22: 1475 | N22: 1040 | O22: 1490 | P22: 468 | Q22: 2250 | R22: 1105 | S22: 4050 | T22: 1880 | U22: 2090 | V22: 20550 | W22: 600 | X22: 900 | Y22: 2070 | Z22: 462 | AA22: 1100 | AB22: 67 | AC22: 124 | AD22: 352 | AE22: 312 | AF22: 745
A23: 45934 | B23: 6254.02 | C23: 8225 | D23: 3800 | E23: 5025 | F23: 4260 | G23: 2350 | H23: 4710 | I23: 10000 | J23: 7075 | K23: 1700 | L23: 23275 | M23: 1630 | N23: 1220 | O23: 1550 | P23: 515 | Q23: 2280 | R23: 1145 | S23: 4180 | T23: 1970 | U23: 2160 | V23: 21800 | W23: 655 | X23: 1100 | Y23: 2290 | Z23: 500 | AA23: 1275 | AB23: 76 | AC23: 129 | AD23: 366 | AE23: 328 | AF23: 795
A24: 45965 | B24: 6262.23 | C24: 8275 | D24: 3630 | E24: 5100 | F24: 4390 | G24: 2330 | H24: 4710 | I24: 9925 | J24: 6900 | K24: 1715 | L24: 23400 | M24: 1690 | N24: 1305 | O24: 1580 | P24: 510 | Q24: 2200 | R24: 1180 | S24: 4120 | T24: 1945 | U24: 2140 | V24: 21850 | W24: 665 | X24: 1050 | Y24: 2210 | Z24: 492 | AA24: 1305 | AB24: 77 | AC24: 130 | AD24: 368 | AE24: 330 | AF24: 790
A25: 04/14/2025 | B25: 6368.52 | C25: 8400 | D25: 3690 | E25: 4750 | F25: 4550 | G25: 2430 | H25: 4930 | I25: 10325 | J25: 7125 | K25: 1765 | L25: 24800 | M25: 1830 | N25: 1440 | O25: 1640 | P25: 525 | Q25: 2190 | R25: 1240 | S25: 4320 | T25: 2050 | U25: 2460 | V25: 22650 | W25: 695 | X25: 1075 | Y25: 2170 | Z25: 530 | AA25: 1360 | AB25: 80 | AC25: 131 | AD25: 382 | AE25: 352 | AF25: 840
A26: 04/15/2025 | B26: 6441.68 | C26: 8575 | D26: 3690 | E26: 4710 | F26: 4280 | G26: 2450 | H26: 4870 | I26: 10475 | J26: 7300 | K26: 1800 | L26: 24700 | M26: 1860 | N26: 1430 | O26: 1685 | P26: 525 | Q26: 2170 | R26: 1195 | S26: 4250 | T26: 2000 | U26: 2500 | V26: 22825 | W26: 705 | X26: 1050 | Y26: 2080 | Z26: 496 | AA26: 1365 | AB26: 79 | AC26: 131 | AD26: 388 | AE26: 352 | AF26: 845
A27: 04/16/2025 | B27: 6400.05 | C27: 8475 | D27: 3650 | E27: 4630 | F27: 4100 | G27: 2480 | H27: 4780 | I27: 10250 | J27: 7400 | K27: 1800 | L27: 24600 | M27: 1925 | N27: 1415 | O27: 1670 | P27: 515 | Q27: 2190 | R27: 1255 | S27: 4260 | T27: 2050 | U27: 2450 | V27: 22225 | W27: 730 | X27: 1045 | Y27: 1955 | Z27: 488 | AA27: 1365 | AB27: 80 | AC27: 129 | AD27: 378 | AE27: 348 | AF27: 815
A28: 04/17/2025 | B28: 6438.27 | C28: 8500 | D28: 3640 | E28: 4600 | F28: 4040 | G28: 2550 | H28: 4750 | I28: 10600 | J28: 7300 | K28: 1800 | L28: 24800 | M28: 1945 | N28: 1645 | O28: 1675 | P28: 535 | Q28: 2180 | R28: 1200 | S28: 4240 | T28: 2010 | U28: 2450 | V28: 22225 | W28: 765 | X28: 1050 | Y28: 1960 | Z28: 472 | AA28: 1370 | AB28: 80 | AC28: 135 | AD28: 388 | AE28: 356 | AF28: 840
A29: 04/21/2025 | B29: 6445.97 | C29: 8300 | D29: 3620 | E29: 4610 | F29: 3990 | G29: 2570 | H29: 4790 | I29: 10550 | J29: 7350 | K29: 1805 | L29: 22175 | M29: 2090 | N29: 1695 | O29: 1680 | P29: 535 | Q29: 2120 | R29: 1225 | S29: 4160 | T29: 1905 | U29: 2370 | V29: 22900 | W29: 765 | X29: 1075 | Y29: 1935 | Z29: 478 | AA29: 1380 | AB29: 79 | AC29: 140 | AD29: 392 | AE29: 352 | AF29: 845
A30: 04/22/2025 | B30: 6538.27 | C30: 8500 | D30: 3630 | E30: 4720 | F30: 4010 | G30: 2550 | H30: 4740 | I30: 10475 | J30: 7200 | K30: 1880 | L30: 22325 | M30: 2190 | N30: 1665 | O30: 1675 | P30: 540 | Q30: 2100 | R30: 1200 | S30: 4050 | T30: 1715 | U30: 2540 | V30: 23025 | W30: 770 | X30: 1105 | Y30: 1910 | Z30: 484 | AA30: 1380 | AB30: 79 | AC30: 138 | AD30: 404 | AE30: 366 | AF30: 845
A31: 04/23/2025 | B31: 6634.38 | C31: 8725 | D31: 3760 | E31: 4900 | F31: 4150 | G31: 2630 | H31: 4820 | I31: 10700 | J31: 7350 | K31: 1850 | L31: 22300 | M31: 2070 | N31: 1570 | O31: 1715 | P31: 550 | Q31: 2110 | R31: 1280 | S31: 4190 | T31: 1720 | U31: 2550 | V31: 23050 | W31: 775 | X31: 1135 | Y31: 2000 | Z31: 505 | AA31: 1355 | AB31: 80 | AC31: 140 | AD31: 412 | AE31: 368 | AF31: 855
A32: 04/24/2025 | B32: 6613.48 | C32: 8475 | D32: 3730 | E32: 4890 | F32: 4170 | G32: 2630 | H32: 4770 | I32: 11000 | J32: 7250 | K32: 1875 | L32: 22050 | M32: 2150 | N32: 1610 | O32: 1770 | P32: 545 | Q32: 2090 | R32: 1265 | S32: 4280 | T32: 1730 | U32: 2530 | V32: 23050 | W32: 765 | X32: 1195 | Y32: 2030 | Z32: 500 | AA32: 1335 | AB32: 80 | AC32: 140 | AD32: 416 | AE32: 364 | AF32: 870
A33: 04/25/2025 | B33: 6678.92 | C33: 8600 | D33: 3740 | E33: 4900 | F33: 4200 | G33: 2600 | H33: 4860 | I33: 11000 | J33: 7475 | K33: 1880 | L33: 22100 | M33: 2140 | N33: 1680 | O33: 1725 | P33: 555 | Q33: 2100 | R33: 1240 | S33: 4420 | T33: 1780 | U33: 2600 | V33: 23100 | W33: 750 | X33: 1185 | Y33: 2090 | Z33: 525 | AA33: 1345 | AB33: 84 | AC33: 150 | AD33: 434 | AE33: 374 | AF33: 925
A34: 04/28/2025 | B34: 6722.97 | C34: 8775 | D34: 3840 | E34: 4920 | F34: 4190 | G34: 2560 | H34: 4890 | I34: 11000 | J34: 7425 | K34: 1900 | L34: 22075 | M34: 2130 | N34: 1660 | O34: 1710 | P34: 565 | Q34: 2100 | R34: 1260 | S34: 4460 | T34: 1885 | U34: 2570 | V34: 22900 | W34: 755 | X34: 1200 | Y34: 2040 | Z34: 515 | AA34: 1345 | AB34: 82 | AC34: 145 | AD34: 432 | AE34: 374 | AF34: 905
A35: 04/29/2025 | B35: 6749.08 | C35: 8725 | D35: 3850 | E35: 4940 | F35: 4140 | G35: 2590 | H35: 4800 | I35: 11250 | J35: 7500 | K35: 1900 | L35: 22050 | M35: 2180 | N35: 1720 | O35: 1720 | P35: 590 | Q35: 2130 | R35: 1260 | S35: 4440 | T35: 1845 | U35: 2560 | V35: 22675 | W35: 755 | X35: 1240 | Y35: 2090 | Z35: 545 | AA35: 1355 | AB35: 85 | AC35: 144 | AD35: 428 | AE35: 378 | AF35: 905
A36: 04/30/2025 | B36: 6766.79 | C36: 8825 | D36: 3850 | E36: 4890 | F36: 4180 | G36: 2640 | H36: 4800 | I36: 11350 | J36: 8000 | K36: 1900 | L36: 22000 | M36: 2170 | N36: 1670 | O36: 1685 | P36: 570 | Q36: 2150 | R36: 1365 | S36: 4730 | T36: 1820 | U36: 2610 | V36: 22700 | W36: 745 | X36: 1260 | Y36: 2160 | Z36: 535 | AA36: 1365 | AB36: 85 | AC36: 145 | AD36: 432 | AE36: 382 | AF36: 920
A37: 45693 | B37: 6815.73 | C37: 8975 | D37: 3880 | E37: 4960 | F37: 4200 | G37: 2680 | H37: 4790 | I37: 11000 | J37: 7700 | K37: 1885 | L37: 21950 | M37: 2290 | N37: 1690 | O37: 1635 | P37: 585 | Q37: 2220 | R37: 1315 | S37: 4740 | T37: 1750 | U37: 2540 | V37: 22775 | W37: 755 | X37: 1245 | Y37: 2120 | Z37: 520 | AA37: 1335 | AB37: 82 | AC37: 147 | AD37: 418 | AE37: 380 | AF37: 930
A38: 45782 | B38: 6831.95 | C38: 8975 | D38: 3860 | E38: 4980 | F38: 4210 | G38: 2700 | H38: 4780 | I38: 11200 | J38: 7600 | K38: 1860 | L38: 22050 | M38: 2320 | N38: 1680 | O38: 1630 | P38: 580 | Q38: 2200 | R38: 1390 | S38: 4650 | T38: 1745 | U38: 2550 | V38: 22800 | W38: 770 | X38: 1270 | Y38: 2180 | Z38: 525 | AA38: 1335 | AB38: 83 | AC38: 145 | AD38: 430 | AE38: 386 | AF38: 950
A39: 45813 | B39: 6898.2 | C39: 9025 | D39: 3880 | E39: 4980 | F39: 4180 | G39: 2680 | H39: 4750 | I39: 11275 | J39: 7525 | K39: 1875 | L39: 22275 | M39: 2540 | N39: 1780 | O39: 1620 | P39: 575 | Q39: 2180 | R39: 1410 | S39: 4800 | T39: 1765 | U39: 2550 | V39: 22875 | W39: 780 | X39: 1270 | Y39: 2280 | Z39: 525 | AA39: 1350 | AB39: 83 | AC39: 147 | AD39: 436 | AE39: 384 | AF39: 950
A40: 45843 | B40: 6926.23 | C40: 9075 | D40: 3910 | E40: 4950 | F40: 4160 | G40: 2620 | H40: 4830 | I40: 11075 | J40: 7750 | K40: 1900 | L40: 22350 | M40: 2750 | N40: 1855 | O40: 1635 | P40: 590 | Q40: 2180 | R40: 1405 | S40: 4850 | T40: 1795 | U40: 2510 | V40: 21750 | W40: 845 | X40: 1290 | Y40: 2310 | Z40: 545 | AA40: 1360 | AB40: 84 | AC40: 146 | AD40: 450 | AE40: 398 | AF40: 985
A41: 45874 | B41: 6827.75 | C41: 8975 | D41: 3790 | E41: 4790 | F41: 4120 | G41: 2570 | H41: 4780 | I41: 11400 | J41: 7775 | K41: 1895 | L41: 22125 | M41: 2610 | N41: 1800 | O41: 1600 | P41: 600 | Q41: 2130 | R41: 1440 | S41: 4850 | T41: 1755 | U41: 2490 | V41: 21475 | W41: 820 | X41: 1240 | Y41: 2350 | Z41: 525 | AA41: 1340 | AB41: 81 | AC41: 146 | AD41: 430 | AE41: 392 | AF41: 960
A42: 45905 | B42: 6832.8 | C42: 9000 | D42: 3840 | E42: 4770 | F42: 4100 | G42: 2600 | H42: 4780 | I42: 11200 | J42: 7975 | K42: 1855 | L42: 22100 | M42: 2680 | N42: 1805 | O42: 1605 | P42: 600 | Q42: 2160 | R42: 1450 | S42: 4800 | T42: 1780 | U42: 2410 | V42: 21250 | W42: 820 | X42: 1245 | Y42: 2360 | Z42: 525 | AA42: 1310 | AB42: 81 | AC42: 145 | AD42: 450 | AE42: 390 | AF42: 965
A43: 05/14/2025 | B43: 6979.88 | C43: 9275 | D43: 4090 | E43: 5050 | F43: 4370 | G43: 2590 | H43: 4810 | I43: 11175 | J43: 7875 | K43: 1915 | L43: 22475 | M43: 2550 | N43: 1770 | O43: 1660 | P43: 625 | Q43: 2210 | R43: 1480 | S43: 4940 | T43: 1765 | U43: 2520 | V43: 21950 | W43: 855 | X43: 1255 | Y43: 2480 | Z43: 545 | AA43: 1350 | AB43: 79 | AC43: 145 | AD43: 442 | AE43: 390 | AF43: 1.02
A44: 05/15/2025 | B44: 7040.16 | C44: 9275 | D44: 4270 | E44: 5325 | F44: 4500 | G44: 2660 | H44: 4820 | I44: 11050 | J44: 8100 | K44: 1915 | L44: 22450 | M44: 2550 | N44: 1830 | O44: 1665 | P44: 615 | Q44: 2160 | R44: 1525 | S44: 4910 | T44: 1835 | U44: 2520 | V44: 21625 | W44: 860 | X44: 1250 | Y44: 2410 | Z44: 535 | AA44: 1310 | AB44: 73 | AC44: 142 | AD44: 434 | AE44: 394 | AF44: 1.015
A45: 05/16/2025 | B45: 7106.53 | C45: 9300 | D45: 4250 | E45: 5475 | F45: 4500 | G45: 2740 | H45: 4880 | I45: 11075 | J45: 8450 | K45: 2150 | L45: 22600 | M45: 2640 | N45: 1935 | O45: 1690 | P45: 615 | Q45: 2180 | R45: 1505 | S45: 4930 | T45: 1795 | U45: 2570 | V45: 21900 | W45: 875 | X45: 1275 | Y45: 2500 | Z45: 510 | AA45: 1340 | AB45: 73 | AC45: 140 | AD45: 436 | AE45: 400 | AF45: 1.015
A46: 05/19/2025 | B46: 7141.09 | C46: 9500 | D46: 4230 | E46: 5525 | F46: 4460 | G46: 2820 | H46: 4940 | I46: 10950 | J46: 8225 | K46: 2320 | L46: 22800 | M46: 2720 | N46: 2070 | O46: 1740 | P46: 600 | Q46: 2210 | R46: 1455 | S46: 4860 | T46: 1800 | U46: 2710 | V46: 22100 | W46: 880 | X46: 1270 | Y46: 2500 | Z46: 530 | AA46: 1320 | AB46: 71 | AC46: 136 | AD46: 438 | AE46: 398 | AF46: 1.025
A47: 05/20/2025 | B47: 7094.6 | C47: 9475 | D47: 4210 | E47: 5400 | F47: 4450 | G47: 2740 | H47: 4860 | I47: 10750 | J47: 7875 | K47: 2210 | L47: 22325 | M47: 2730 | N47: 2020 | O47: 1725 | P47: 610 | Q47: 2170 | R47: 1500 | S47: 4820 | T47: 1800 | U47: 2530 | V47: 21750 | W47: 930 | X47: 1270 | Y47: 2500 | Z47: 525 | AA47: 1295 | AB47: 72 | AC47: 135 | AD47: 432 | AE47: 394 | AF47: 1
A48: 05/21/2025 | B48: 7142.46 | C48: 9700 | D48: 4260 | E48: 5450 | F48: 4520 | G48: 2750 | H48: 4670 | I48: 10825 | J48: 7975 | K48: 2160 | L48: 22550 | M48: 2910 | N48: 2050 | O48: 1745 | P48: 615 | Q48: 2180 | R48: 1530 | S48: 4890 | T48: 1765 | U48: 2570 | V48: 21800 | W48: 980 | X48: 1375 | Y48: 2610 | Z48: 525 | AA48: 1305 | AB48: 70 | AC48: 134 | AD48: 446 | AE48: 410 | AF48: 990
A49: 05/22/2025 | B49: 7166.98 | C49: 9650 | D49: 4300 | E49: 5450 | F49: 4470 | G49: 2800 | H49: 4630 | I49: 10800 | J49: 7900 | K49: 2150 | L49: 22650 | M49: 2960 | N49: 2030 | O49: 1800 | P49: 600 | Q49: 2170 | R49: 1440 | S49: 4880 | T49: 1715 | U49: 2670 | V49: 21875 | W49: 1080 | X49: 1340 | Y49: 2600 | Z49: 595 | AA49: 1350 | AB49: 72 | AC49: 137 | AD49: 438 | AE49: 420 | AF49: 975
A50: 05/23/2025 | B50: 7214.16 | C50: 9675 | D50: 4350 | E50: 5425 | F50: 4510 | G50: 2690 | H50: 4740 | I50: 10825 | J50: 7850 | K50: 2100 | L50: 22500 | M50: 3130 | N50: 2040 | O50: 1770 | P50: 595 | Q50: 2170 | R50: 1460 | S50: 4880 | T50: 1650 | U50: 2720 | V50: 21950 | W50: 1155 | X50: 1300 | Y50: 2600 | Z50: 575 | AA50: 1340 | AB50: 72 | AC50: 138 | AD50: 434 | AE50: 422 | AF50: 985
A51: 05/26/2025 | B51: 7188.35 | C51: 9625 | D51: 4320 | E51: 5475 | F51: 4500 | G51: 2800 | H51: 4730 | I51: 11025 | J51: 7850 | K51: 2090 | L51: 22400 | M51: 3110 | N51: 2060 | O51: 1815 | P51: 580 | Q51: 2170 | R51: 1520 | S51: 4830 | T51: 1620 | U51: 2860 | V51: 21725 | W51: 1220 | X51: 1295 | Y51: 2600 | Z51: 580 | AA51: 1305 | AB51: 68 | AC51: 137 | AD51: 418 | AE51: 400 | AF51: 985
A52: 05/27/2025 | B52: 7198.97 | C52: 9450 | D52: 4370 | E52: 5400 | F52: 4530 | G52: 2830 | H52: 4700 | I52: 11125 | J52: 7875 | K52: 2290 | L52: 22525 | M52: 3030 | N52: 2040 | O52: 1825 | P52: 580 | Q52: 2180 | R52: 1570 | S52: 4840 | T52: 1675 | U52: 2840 | V52: 21900 | W52: 1350 | X52: 1290 | Y52: 2550 | Z52: 590 | AA52: 1350 | AB52: 66 | AC52: 138 | AD52: 416 | AE52: 396 | AF52: 985
A53: 05/28/2025 | B53: 7175.82 | C53: 9400 | D53: 4450 | E53: 5300 | F53: 4490 | G53: 2820 | H53: 4850 | I53: 10900 | J53: 7875 | K53: 2200 | L53: 22575 | M53: 3110 | N53: 2020 | O53: 1820 | P53: 585 | Q53: 2200 | R53: 1515 | S53: 4840 | T53: 1605 | U53: 2810 | V53: 22450 | W53: 1260 | X53: 1275 | Y53: 2430 | Z53: 575 | AA53: 1300 | AB53: 64 | AC53: 137 | AD53: 404 | AE53: 400 | AF53: 985
A54: 45694 | B54: 7065.07 | C54: 9100 | D54: 4200 | E54: 5075 | F54: 4370 | G54: 2780 | H54: 4780 | I54: 10800 | J54: 7675 | K54: 2130 | L54: 22225 | M54: 3320 | N54: 2120 | O54: 1820 | P54: 570 | Q54: 2180 | R54: 1560 | S54: 4890 | T54: 1575 | U54: 2760 | V54: 21900 | W54: 1250 | X54: 1235 | Y54: 2530 | Z54: 550 | AA54: 1285 | AB54: 62 | AC54: 136 | AD54: 410 | AE54: 388 | AF54: 975
A55: 45722 | B55: 7044.82 | C55: 9050 | D55: 4200 | E55: 5050 | F55: 4370 | G55: 2800 | H55: 4700 | I55: 10625 | J55: 7825 | K55: 2100 | L55: 22200 | M55: 3360 | N55: 2070 | O55: 1855 | P55: 550 | Q55: 2160 | R55: 1550 | S55: 4790 | T55: 1580 | U55: 2830 | V55: 21400 | W55: 1290 | X55: 1265 | Y55: 2620 | Z55: 550 | AA55: 1270 | AB55: 62 | AC55: 136 | AD55: 406 | AE55: 384 | AF55: 975
A56: 45753 | B56: 7069.04 | C56: 8975 | D56: 4080 | E56: 5025 | F56: 4300 | G56: 2820 | H56: 4610 | I56: 10825 | J56: 8225 | K56: 2100 | L56: 22300 | M56: 3550 | N56: 2240 | O56: 1840 | P56: 555 | Q56: 2190 | R56: 1600 | S56: 4940 | T56: 1550 | U56: 2790 | V56: 21400 | W56: 1290 | X56: 1235 | Y56: 2550 | Z56: 545 | AA56: 1270 | AB56: 62 | AC56: 139 | AD56: 410 | AE56: 386 | AF56: 975
A57: 45783 | B57: 7113.42 | C57: 8925 | D57: 4100 | E57: 5075 | F57: 4420 | G57: 2840 | H57: 4610 | I57: 10700 | J57: 8150 | K57: 2120 | L57: 22200 | M57: 3450 | N57: 2160 | O57: 1835 | P57: 530 | Q57: 2200 | R57: 1600 | S57: 4860 | T57: 1550 | U57: 2740 | V57: 21425 | W57: 1510 | X57: 1210 | Y57: 2540 | Z57: 535 | AA57: 1260 | AB57: 61 | AC57: 137 | AD57: 406 | AE57: 384 | AF57: 985
A58: 45936 | B58: 7230.75 | C58: 9100 | D58: 4150 | E58: 5250 | F58: 4520 | G58: 2910 | H58: 4600 | I58: 10650 | J58: 8200 | K58: 2110 | L58: 22450 | M58: 3260 | N58: 2140 | O58: 1875 | P58: 525 | Q58: 2180 | R58: 1580 | S58: 4830 | T58: 1600 | U58: 2870 | V58: 21475 | W58: 1505 | X58: 1220 | Y58: 2520 | Z58: 545 | AA58: 1280 | AB58: 66 | AC58: 140 | AD58: 422 | AE58: 382 | AF58: 995
A59: 45967 | B59: 7222.46 | C59: 9050 | D59: 4070 | E59: 5200 | F59: 4540 | G59: 2800 | H59: 4610 | I59: 10700 | J59: 8500 | K59: 2120 | L59: 22600 | M59: 3280 | N59: 2230 | O59: 1885 | P59: 550 | Q59: 2220 | R59: 1540 | S59: 4920 | T59: 1625 | U59: 2830 | V59: 21625 | W59: 1495 | X59: 1250 | Y59: 2480 | Z59: 555 | AA59: 1260 | AB59: 68 | AC59: 142 | AD59: 420 | AE59: 392 | AF59: 1.005
A60: 45997 | B60: 7204.37 | C60: 9125 | D60: 4070 | E60: 5175 | F60: 4540 | G60: 2780 | H60: 4560 | I60: 10675 | J60: 8225 | K60: 2120 | L60: 22675 | M60: 3170 | N60: 2190 | O60: 1680 | P60: 545 | Q60: 2190 | R60: 1535 | S60: 4970 | T60: 1595 | U60: 2920 | V60: 21625 | W60: 1485 | X60: 1285 | Y60: 2480 | Z60: 545 | AA60: 1265 | AB60: 67 | AC60: 142 | AD60: 422 | AE60: 394 | AF60: 975
A61: 06/13/2025 | B61: 7166.06 | C61: 9025 | D61: 4000 | E61: 5150 | F61: 4540 | G61: 2740 | H61: 4570 | I61: 10600 | J61: 8325 | K61: 1995 | L61: 22950 | M61: 3300 | N61: 2230 | O61: 1670 | P61: 535 | Q61: 2190 | R61: 1530 | S61: 4900 | T61: 1580 | U61: 2900 | V61: 21975 | W61: 1525 | X61: 1315 | Y61: 2440 | Z61: 530 | AA61: 1260 | AB61: 64 | AC61: 138 | AD61: 412 | AE61: 386 | AF61: 990
A62: 06/16/2025 | B62: 7117.59 | C62: 8925 | D62: 3990 | E62: 5150 | F62: 4400 | G62: 2740 | H62: 4610 | I62: 10575 | J62: 8225 | K62: 2000 | L62: 23600 | M62: 3280 | N62: 2200 | O62: 1685 | P62: 530 | Q62: 2220 | R62: 1530 | S62: 4800 | T62: 1550 | U62: 2880 | V62: 22100 | W62: 1560 | X62: 1280 | Y62: 2400 | Z62: 525 | AA62: 1210 | AB62: 64 | AC62: 135 | AD62: 402 | AE62: 380 | AF62: 960
A63: 06/17/2025 | B63: 7155.85 | C63: 9075 | D63: 3960 | E63: 5100 | F63: 4360 | G63: 2760 | H63: 4600 | I63: 10625 | J63: 8200 | K63: 2000 | L63: 23425 | M63: 3470 | N63: 2250 | O63: 1685 | P63: 535 | Q63: 2240 | R63: 1595 | S63: 4860 | T63: 1560 | U63: 2910 | V63: 21850 | W63: 1525 | X63: 1295 | Y63: 2310 | Z63: 540 | AA63: 1225 | AB63: 64 | AC63: 143 | AD63: 406 | AE63: 388 | AF63: 990
A64: 06/18/2025 | B64: 7107.79 | C64: 8900 | D64: 3940 | E64: 5075 | F64: 4300 | G64: 2770 | H64: 4590 | I64: 10650 | J64: 8125 | K64: 1990 | L64: 23575 | M64: 3550 | N64: 2240 | O64: 1670 | P64: 510 | Q64: 2220 | R64: 1550 | S64: 4790 | T64: 1550 | U64: 2870 | V64: 21800 | W64: 1540 | X64: 1305 | Y64: 2330 | Z64: 540 | AA64: 1245 | AB64: 63 | AC64: 139 | AD64: 402 | AE64: 388 | AF64: 970
A65: 06/19/2025 | B65: 6968.64 | C65: 8775 | D65: 3800 | E65: 4970 | F65: 4130 | G65: 2690 | H65: 4530 | I65: 10450 | J65: 8050 | K65: 1925 | L65: 22775 | M65: 3330 | N65: 2140 | O65: 1645 | P65: 500 | Q65: 2230 | R65: 1515 | S65: 4710 | T65: 1525 | U65: 2730 | V65: 21450 | W65: 1485 | X65: 1275 | Y65: 2290 | Z65: 520 | AA65: 1185 | AB65: 61 | AC65: 137 | AD65: 386 | AE65: 380 | AF65: 970
A66: 06/20/2025 | B66: 6907.14 | C66: 8700 | D66: 3790 | E66: 4930 | F66: 4110 | G66: 2640 | H66: 4490 | I66: 10425 | J66: 8050 | K66: 1860 | L66: 22375 | M66: 3200 | N66: 2020 | O66: 1590 | P66: 486 | Q66: 2240 | R66: 1500 | S66: 4650 | T66: 1500 | U66: 2680 | V66: 21450 | W66: 1500 | X66: 1215 | Y66: 2280 | Z66: 515 | AA66: 1170 | AB66: 59 | AC66: 132 | AD66: 380 | AE66: 376 | AF66: 960
A67: 06/23/2025 | B67: 6787.14 | C67: 8625 | D67: 3720 | E67: 4920 | F67: 4060 | G67: 2580 | H67: 4430 | I67: 9950 | J67: 7925 | K67: 1800 | L67: 22325 | M67: 3190 | N67: 2040 | O67: 1615 | P67: 480 | Q67: 2250 | R67: 1430 | S67: 4410 | T67: 1445 | U67: 2530 | V67: 20900 | W67: 1500 | X67: 1260 | Y67: 2230 | Z67: 496 | AA67: 1095 | AB67: 57 | AC67: 127 | AD67: 366 | AE67: 358 | AF67: 880
A68: 06/24/2025 | B68: 6869.17 | C68: 8775 | D68: 3780 | E68: 5025 | F68: 4140 | G68: 2590 | H68: 4470 | I68: 10225 | J68: 7925 | K68: 1815 | L68: 22200 | M68: 3090 | N68: 1995 | O68: 1585 | P68: 488 | Q68: 2220 | R68: 1495 | S68: 4590 | T68: 1455 | U68: 2600 | V68: 21175 | W68: 1520 | X68: 1210 | Y68: 2260 | Z68: 510 | AA68: 1155 | AB68: 57 | AC68: 129 | AD68: 378 | AE68: 378 | AF68: 950
A69: 06/25/2025 | B69: 6832.14 | C69: 8600 | D69: 3760 | E69: 4880 | F69: 4110 | G69: 2620 | H69: 4470 | I69: 10225 | J69: 8050 | K69: 1785 | L69: 22100 | M69: 2930 | N69: 1805 | O69: 1530 | P69: 494 | Q69: 2250 | R69: 1540 | S69: 4610 | T69: 1425 | U69: 2600 | V69: 21100 | W69: 1585 | X69: 1155 | Y69: 2280 | Z69: 515 | AA69: 1110 | AB69: 59 | AC69: 126 | AD69: 368 | AE69: 374 | AF69: 925
A70: 06/26/2025 | B70: 6897.4 | C70: 8650 | D70: 3830 | E70: 5025 | F70: 4120 | G70: 2710 | H70: 4450 | I70: 10150 | J70: 8050 | K70: 1790 | L70: 22025 | M70: 2940 | N70: 1830 | O70: 1550 | P70: 496 | Q70: 2240 | R70: 1515 | S70: 4650 | T70: 1495 | U70: 2580 | V70: 21100 | W70: 1595 | X70: 1190 | Y70: 2320 | Z70: 494 | AA70: 1125 | AB70: 60 | AC70: 124 | AD70: 370 | AE70: 372 | AF70: 955
A71: 06/30/2025 | B71: 6927.68 | C71: 8675 | D71: 3740 | E71: 4880 | F71: 4120 | G71: 2780 | H71: 4500 | I71: 10500 | J71: 8125 | K71: 1830 | L71: 22000 | M71: 3040 | N71: 2000 | O71: 1615 | P71: 494 | Q71: 2250 | R71: 1525 | S71: 4700 | T71: 1515 | U71: 2690 | V71: 21450 | W71: 1660 | X71: 1160 | Y71: 2390 | Z71: 496 | AA71: 1180 | AB71: 58 | AC71: 125 | AD71: 380 | AE71: 374 | AF71: 955
A72: 45664 | B72: 6915.36 | C72: 8700 | D72: 3700 | E72: 4750 | F72: 4010 | G72: 2810 | H72: 4450 | I72: 10625 | J72: 8200 | K72: 1830 | L72: 22075 | M72: 3070 | N72: 2030 | O72: 1585 | P72: 494 | Q72: 2310 | R72: 1520 | S72: 4660 | T72: 1435 | U72: 2650 | V72: 21475 | W72: 1655 | X72: 1170 | Y72: 2380 | Z72: 494 | AA72: 1220 | AB72: 59 | AC72: 125 | AD72: 376 | AE72: 372 | AF72: 965
A73: 45695 | B73: 6881.25 | C73: 8675 | D73: 3680 | E73: 4770 | F73: 4020 | G73: 2780 | H73: 4540 | I73: 10500 | J73: 7975 | K73: 1775 | L73: 22275 | M73: 2990 | N73: 1995 | O73: 1580 | P73: 550 | Q73: 2280 | R73: 1510 | S73: 4650 | T73: 1460 | U73: 2620 | V73: 21300 | W73: 1580 | X73: 1165 | Y73: 2410 | Z73: 488 | AA73: 1250 | AB73: 57 | AC73: 124 | AD73: 370 | AE73: 372 | AF73: 955
A74: 45723 | B74: 6878.05 | C74: 8600 | D74: 3680 | E74: 4740 | F74: 3970 | G74: 2710 | H74: 4570 | I74: 10750 | J74: 8100 | K74: 1760 | L74: 22075 | M74: 3120 | N74: 2090 | O74: 1595 | P74: 535 | Q74: 2300 | R74: 1560 | S74: 4760 | T74: 1500 | U74: 2680 | V74: 21500 | W74: 1540 | X74: 1180 | Y74: 2380 | Z74: 488 | AA74: 1235 | AB74: 57 | AC74: 120 | AD74: 368 | AE74: 370 | AF74: 975
A75: 45754 | B75: 6865.19 | C75: 8650 | D75: 3670 | E75: 4740 | F75: 4000 | G75: 2630 | H75: 4620 | I75: 10650 | J75: 8100 | K75: 1755 | L75: 22100 | M75: 3000 | N75: 2070 | O75: 1605 | P75: 520 | Q75: 2300 | R75: 1515 | S75: 4580 | T75: 1480 | U75: 2660 | V75: 21550 | W75: 1550 | X75: 1190 | Y75: 2330 | Z75: 486 | AA75: 1240 | AB75: 59 | AC75: 125 | AD75: 366 | AE75: 374 | AF75: 985
A76: 45845 | B76: 6900.93 | C76: 8625 | D76: 3700 | E76: 4740 | F76: 4000 | G76: 2700 | H76: 4680 | I76: 10500 | J76: 8100 | K76: 1740 | L76: 22100 | M76: 2910 | N76: 2050 | O76: 1585 | P76: 520 | Q76: 2290 | R76: 1500 | S76: 4740 | T76: 1505 | U76: 2680 | V76: 21450 | W76: 1660 | X76: 1170 | Y76: 2400 | Z76: 484 | AA76: 1250 | AB76: 60 | AC76: 125 | AD76: 368 | AE76: 366 | AF76: 980
A77: 45876 | B77: 6904.39 | C77: 8500 | D77: 3670 | E77: 4720 | F77: 3970 | G77: 2650 | H77: 4660 | I77: 10500 | J77: 8025 | K77: 1745 | L77: 22025 | M77: 2930 | N77: 2080 | O77: 1575 | P77: 535 | Q77: 2260 | R77: 1500 | S77: 4710 | T77: 1560 | U77: 2680 | V77: 21600 | W77: 1685 | X77: 1160 | Y77: 2370 | Z77: 486 | AA77: 1230 | AB77: 60 | AC77: 124 | AD77: 366 | AE77: 356 | AF77: 960
A78: 45907 | B78: 6943.92 | C78: 8500 | D78: 3680 | E78: 4710 | F78: 4000 | G78: 2670 | H78: 4720 | I78: 10525 | J78: 8175 | K78: 1740 | L78: 22050 | M78: 2920 | N78: 2110 | O78: 1565 | P78: 525 | Q78: 2290 | R78: 1510 | S78: 4860 | T78: 1615 | U78: 2730 | V78: 21975 | W78: 1740 | X78: 1155 | Y78: 2370 | Z78: 510 | AA78: 1240 | AB78: 59 | AC78: 125 | AD78: 372 | AE78: 360 | AF78: 975
A79: 45937 | B79: 7005.37 | C79: 8600 | D79: 3870 | E79: 4820 | F79: 4110 | G79: 2690 | H79: 4680 | I79: 10450 | J79: 8150 | K79: 1840 | L79: 22275 | M79: 2990 | N79: 2110 | O79: 1595 | P79: 545 | Q79: 2300 | R79: 1505 | S79: 4860 | T79: 1630 | U79: 2750 | V79: 22200 | W79: 1740 | X79: 1170 | Y79: 2270 | Z79: 505 | AA79: 1185 | AB79: 60 | AC79: 125 | AD79: 380 | AE79: 364 | AF79: 980
A80: 45968 | B80: 7047.44 | C80: 8625 | D80: 3880 | E80: 4970 | F80: 4180 | G80: 2730 | H80: 4710 | I80: 10325 | J80: 8250 | K80: 1870 | L80: 22500 | M80: 2990 | N80: 2110 | O80: 1595 | P80: 545 | Q80: 2290 | R80: 1595 | S80: 4940 | T80: 1585 | U80: 2800 | V80: 22400 | W80: 1800 | X80: 1190 | Y80: 2300 | Z80: 505 | AA80: 1205 | AB80: 59 | AC80: 126 | AD80: 382 | AE80: 370 | AF80: 980
A81: 07/14/2025 | B81: 7097.15 | C81: 8525 | D81: 3780 | E81: 4690 | F81: 4040 | G81: 2690 | H81: 4700 | I81: 10400 | J81: 8350 | K81: 1825 | L81: 22450 | M81: 3030 | N81: 2090 | O81: 1580 | P81: 555 | Q81: 2320 | R81: 1560 | S81: 4830 | T81: 1600 | U81: 2740 | V81: 22575 | W81: 2100 | X81: 1215 | Y81: 2290 | Z81: 486 | AA81: 1195 | AB81: 59 | AC81: 127 | AD81: 374 | AE81: 362 | AF81: 935
A82: 07/15/2025 | B82: 7140.47 | C82: 8550 | D82: 3880 | E82: 4700 | F82: 4050 | G82: 2640 | H82: 4700 | I82: 10400 | J82: 8325 | K82: 1815 | L82: 22400 | M82: 3000 | N82: 2150 | O82: 1565 | P82: 585 | Q82: 2490 | R82: 1530 | S82: 4820 | T82: 1575 | U82: 2730 | V82: 22600 | W82: 2030 | X82: 1240 | Y82: 2220 | Z82: 490 | AA82: 1220 | AB82: 59 | AC82: 132 | AD82: 398 | AE82: 368 | AF82: 980
A83: 07/16/2025 | B83: 7192.02 | C83: 8525 | D83: 3880 | E83: 4690 | F83: 4130 | G83: 2650 | H83: 4750 | I83: 10350 | J83: 8275 | K83: 1840 | L83: 22475 | M83: 2990 | N83: 2130 | O83: 1570 | P83: 580 | Q83: 2570 | R83: 1510 | S83: 4770 | T83: 1620 | U83: 2800 | V83: 22575 | W83: 2010 | X83: 1220 | Y83: 2150 | Z83: 492 | AA83: 1190 | AB83: 59 | AC83: 131 | AD83: 398 | AE83: 366 | AF83: 985
A84: 07/17/2025 | B84: 7287.02 | C84: 8525 | D84: 3890 | E84: 4720 | F84: 4110 | G84: 2770 | H84: 4790 | I84: 10350 | J84: 8225 | K84: 1830 | L84: 22450 | M84: 3010 | N84: 2210 | O84: 1575 | P84: 590 | Q84: 2670 | R84: 1505 | S84: 5025 | T84: 1690 | U84: 2700 | V84: 22600 | W84: 2180 | X84: 1215 | Y84: 2260 | Z84: 492 | AA84: 1185 | AB84: 60 | AC84: 134 | AD84: 392 | AE84: 370 | AF84: 980
A85: 07/18/2025 | B85: 7311.92 | C85: 8425 | D85: 3860 | E85: 4740 | F85: 4120 | G85: 2770 | H85: 4750 | I85: 10400 | J85: 8225 | K85: 1835 | L85: 22525 | M85: 2970 | N85: 2420 | O85: 1635 | P85: 575 | Q85: 2630 | R85: 1510 | S85: 4950 | T85: 1680 | U85: 2590 | V85: 22475 | W85: 2260 | X85: 1190 | Y85: 2250 | Z85: 490 | AA85: 1130 | AB85: 58 | AC85: 142 | AD85: 388 | AE85: 362 | AF85: 980
A86: 07/21/2025 | B86: 7398.19 | C86: 8450 | D86: 3830 | E86: 4680 | F86: 4070 | G86: 2800 | H86: 4760 | I86: 10500 | J86: 8300 | K86: 1885 | L86: 22550 | M86: 3190 | N86: 2450 | O86: 1630 | P86: 660 | Q86: 2610 | R86: 1505 | S86: 4950 | T86: 1720 | U86: 2490 | V86: 22950 | W86: 2390 | X86: 1215 | Y86: 2230 | Z86: 482 | AA86: 1140 | AB86: 57 | AC86: 142 | AD86: 392 | AE86: 360 | AF86: 940
A87: 07/22/2025 | B87: 7344.74 | C87: 8400 | D87: 3840 | E87: 4660 | F87: 4050 | G87: 2850 | H87: 4690 | I87: 10350 | J87: 8225 | K87: 1965 | L87: 22800 | M87: 2960 | N87: 2340 | O87: 1605 | P87: 650 | Q87: 2570 | R87: 1460 | S87: 4940 | T87: 1705 | U87: 2410 | V87: 23050 | W87: 2200 | X87: 1220 | Y87: 2210 | Z87: 472 | AA87: 1110 | AB87: 58 | AC87: 140 | AD87: 388 | AE87: 350 | AF87: 940
A88: 07/23/2025 | B88: 7469.23 | C88: 8425 | D88: 3800 | E88: 4680 | F88: 4100 | G88: 2850 | H88: 4950 | I88: 10450 | J88: 8350 | K88: 2020 | L88: 22925 | M88: 3040 | N88: 2440 | O88: 1610 | P88: 675 | Q88: 2580 | R88: 1495 | S88: 5025 | T88: 1670 | U88: 2470 | V88: 24000 | W88: 2210 | X88: 1260 | Y88: 2250 | Z88: 474 | AA88: 1155 | AB88: 60 | AC88: 140 | AD88: 396 | AE88: 360 | AF88: 945
A89: 07/24/2025 | B89: 7530.9 | C89: 8500 | D89: 3950 | E89: 4800 | F89: 4220 | G89: 2840 | H89: 5050 | I89: 10350 | J89: 8350 | K89: 1975 | L89: 23100 | M89: 3030 | N89: 2420 | O89: 1625 | P89: 660 | Q89: 2610 | R89: 1510 | S89: 4950 | T89: 1655 | U89: 2500 | V89: 24225 | W89: 2220 | X89: 1240 | Y89: 2190 | Z89: 476 | AA89: 1145 | AB89: 59 | AC89: 140 | AD89: 396 | AE89: 362 | AF89: 935
A90: 07/25/2025 | B90: 7543.5 | C90: 8450 | D90: 3880 | E90: 4690 | F90: 4090 | G90: 2820 | H90: 5000 | I90: 10550 | J90: 8400 | K90: 1915 | L90: 22950 | M90: 2970 | N90: 2370 | O90: 1605 | P90: 660 | Q90: 2550 | R90: 1485 | S90: 4990 | T90: 1610 | U90: 2470 | V90: 23850 | W90: 2480 | X90: 1240 | Y90: 2200 | Z90: 474 | AA90: 1160 | AB90: 58 | AC90: 141 | AD90: 404 | AE90: 360 | AF90: 940
A91: 07/28/2025 | B91: 7614.77 | C91: 8500 | D91: 3940 | E91: 4700 | F91: 4210 | G91: 2860 | H91: 5100 | I91: 10225 | J91: 8375 | K91: 1925 | L91: 23250 | M91: 2970 | N91: 2590 | O91: 1610 | P91: 675 | Q91: 2520 | R91: 1475 | S91: 4970 | T91: 1650 | U91: 2480 | V91: 24175 | W91: 2470 | X91: 1320 | Y91: 2210 | Z91: 472 | AA91: 1125 | AB91: 59 | AC91: 143 | AD91: 414 | AE91: 360 | AF91: 940
A92: 07/29/2025 | B92: 7617.91 | C92: 8400 | D92: 3920 | E92: 4710 | F92: 4150 | G92: 2880 | H92: 5100 | I92: 10000 | J92: 8300 | K92: 1920 | L92: 23225 | M92: 3000 | N92: 2640 | O92: 1630 | P92: 675 | Q92: 2550 | R92: 1490 | S92: 4910 | T92: 1685 | U92: 2560 | V92: 24150 | W92: 2610 | X92: 1345 | Y92: 2280 | Z92: 478 | AA92: 1120 | AB92: 59 | AC92: 147 | AD92: 418 | AE92: 358 | AF92: 950
... A94: 07/31/2025 | B94: 7484.34 | C94: 8275 | D94: 3710 | E94: 4510 | F94: 4010 | G94: 2880 | H94: 5100 | I94: 9800 | J94: 8525 | K94: 1850 | L94: 23000 | M94: 2850 | N94: 2360 | O94: 1630 | P94: 610 | Q94: 2520 | R94: 1430 | S94: 4930 | T94: 1600 | U94: 2460 | V94: 24150 | W94: 2630 | X94: 1340 | Y94: 2320 | Z94: 470 | AA94: 1175 | AB94: 65 | AC94: 151 | AD94: 412 | AE94: 352 | AF94: 920
A95: 45665 | B95: 7537.77 | C95: 8300 | D95: 3740 | E95: 4530 | F95: 4010 | G95: 2980 | H95: 5000 | I95: 9900 | J95: 8475 | K95: 1865 | L95: 22925 | M95: 2880 | N95: 2450 | O95: 1620 | P95: 630 | Q95: 2570 | R95: 1430 | S95: 4770 | T95: 1685 | U95: 2510 | V95: 24025 | W95: 2690 | X95: 1325 | Y95: 2320 | Z95: 472 | AA95: 1205 | AB95: 65 | AC95: 157 | AD95: 418 | AE95: 354 | AF95: 900
A96: 45755 | B96: 7464.65 | C96: 8275 | D96: 3710 | E96: 4620 | F96: 4010 | G96: 3030 | H96: 5025 | I96: 9550 | J96: 8375 | K96: 1900 | L96: 23100 | M96: 2910 | N96: 2360 | O96: 1635 | P96: 635 | Q96: 2620 | R96: 1415 | S96: 4800 | T96: 1700 | U96: 2460 | V96: 24500 | W96: 2570 | X96: 1295 | Y96: 2290 | Z96: 476 | AA96: 1165 | AB96: 63 | AC96: 166 | AD96: 416 | AE96: 352 | AF96: 890
A97: 45785 | B97: 7515.19 | C97: 8425 | D97: 3740 | E97: 4750 | F97: 4220 | G97: 3030 | H97: 5025 | I97: 9575 | J97: 8325 | K97: 1865 | L97: 23025 | M97: 2940 | N97: 2330 | O97: 1625 | P97: 620 | Q97: 2580 | R97: 1415 | S97: 4700 | T97: 1650 | U97: 2510 | V97: 24350 | W97: 2460 | X97: 1315 | Y97: 2420 | Z97: 484 | AA97: 1150 | AB97: 65 | AC97: 171 | AD97: 424 | AE97: 364 | AF97: 910
A98: 45816 | B98: 7503.75 | C98: 8300 | D98: 3710 | E98: 4700 | F98: 4100 | G98: 2990 | H98: 4900 | I98: 9550 | J98: 8200 | K98: 1860 | L98: 23075 | M98: 3080 | N98: 2400 | O98: 1690 | P98: 610 | Q98: 2580 | R98: 1395 | S98: 4620 | T98: 1620 | U98: 2520 | V98: 24050 | W98: 2490 | X98: 1270 | Y98: 2320 | Z98: 484 | AA98: 1185 | AB98: 65 | AC98: 171 | AD98: 420 | AE98: 370 | AF98: 910
A99: 45846 | B99: 7490.18 | C99: 8300 | D99: 3710 | E99: 4680 | F99: 4120 | G99: 2950 | H99: 4960 | I99: 9500 | J99: 8200 | K99: 1870 | L99: 23125 | M99: 3150 | N99: 2490 | O99: 1690 | P99: 620 | Q99: 2530 | R99: 1380 | S99: 4530 | T99: 1600 | U99: 2490 | V99: 24100 | W99: 2380 | X99: 1305 | Y99: 2380 | Z99: 482 | AA99: 1215 | AB99: 63 | AC99: 172 | AD99: 420 | AE99: 376 | AF99: 935
A100: 45877 | B100: 7533.38 | C100: 8300 | D100: 3700 | E100: 4670 | F100: 4070 | G100: 2940 | H100: 4920 | I100: 9350 | J100: 8150 | K100: 1790 | L100: 23350 | M100: 3090 | N100: 2470 | O100: 1685 | P100: 620 | Q100: 2640 | R100: 1375 | S100: 4500 | T100: 1590 | U100: 2480 | V100: 24150 | W100: 2460 | X100: 1305 | Y100: 2350 | Z100: 474 | AA100: 1200 | AB100: 62 | AC100: 175 | AD100: 414 | AE100: 370 | AF100: 955
A101: 45969 | B101: 7605.92 | C101: 8550 | D101: 3810 | E101: 4720 | F101: 4200 | G101: 2990 | H101: 4900 | I101: 9550 | J101: 8075 | K101: 1810 | L101: 23700 | M101: 2940 | N101: 2390 | O101: 1670 | P101: 645 | Q101: 2700 | R101: 1370 | S101: 4460 | T101: 1585 | U101: 2670 | V101: 24275 | W101: 2350 | X101: 1285 | Y101: 2380 | Z101: 476 | AA101: 1215 | AB101: 62 | AC101: 174 | AD101: 442 | AE101: 384 | AF101: 1
...

Sheet Return
A1: Date | B1: IHSG | C1: BBCA | D1: BBRI | E1: BMRI | F1: BBNI | G1: TLKM | H1: ASII | I1: ICBP | J1: INDF | K1: ADRO | L1: ITMG | M1: ANTM | N1: MDKA | O1: PGAS | P1: TOWR | Q1: EXCL | R1: KLBF | S1: CPIN | T1: JPFA | U1: SMGR | V1: UNTR | W1: BRPT | X1: AKRA | Y1: AMRT | Z1: ACES | AA1: MAPI | AB1: GOTO | AC1: BUKA | AD1: SMRA | AE1: PWON | AF1: CTRA
A2: 45719
A3: 45750 | B3: =('Data Saham'!B3-'Data Saham'!B2)/'Data Saham'!B2 -> -0.02136001 | C3: =('Data Saham'!C3-'Data Saham'!C2)/'Data Saham'!C2 -> 0.0056818182 | D3: =('Data Saham'!D3-'Data Saham'!D2)/'Data Saham'!D2 -> 0 | E3: =('Data Saham'!E3-'Data Saham'!E2)/'Data Saham'!E2 -> -0.012244898 | F3: =('Data Saham'!F3-'Data Saham'!F2)/'Data Saham'!F2 -> -0.0093896714 | G3: =('Data Saham'!G3-'Data Saham'!G2)/'Data Saham'!G2 -> -0.0083333333 | H3: =('Data Saham'!H3-'Data Saham'!H2)/'Data Saham'!H2 -> 0.0021367521 | I3: =('Data Saham'!I3-'Data Saham'!I2)/'Data Saham'!I2 -> 0 | ... AF3: =('Data Saham'!AF3-'Data Saham'!AF2)/'Data Saham'!AF2 -> -0.012195122
A4: 45780 | B4: =('Data Saham'!B4-'Data Saham'!B3)/'Data Saham'!B3 -> 0.023666228 | C4: =('Data Saham'!C4-'Data Saham'!C3)/'Data Saham'!C3 -> 0.016949153 | D4: =('Data Saham'!D4-'Data Saham'!D3)/'Data Saham'!D3 -> 0.046321526 | E4: =('Data Saham'!E4-'Data Saham'!E3)/'Data Saham'!E3 -> 0.0041322314 | F4: =('Data Saham'!F4-'Data Saham'!F3)/'Data Saham'!F3 -> 0.056872038 | G4: =('Data Saham'!G4-'Data Saham'!G3)/'Data Saham'!G3 -> 0.029411765 | H4: =('Data Saham'!H4-'Data Saham'!H3)/'Data Saham'!H3 -> 0.044776119 | I4: =('Data Saham'!I4-'Data Saham'!I3)/'Data Saham'!I3 -> -0.016548463 | ... AF4: =('Data Saham'!AF4-'Data Saham'!AF3)/'Data Saham'!AF3 -> 0.030864198
A5: 45811 | B5: =('Data Saham'!B5-'Data Saham'!B4)/'Data Saham'!B4 -> 0.01323606 | C5: =('Data Saham'!C5-'Data Saham'!C4)/'Data Saham'!C4 -> -0.0027777778 | D5: =('Data Saham'!D5-'Data Saham'!D4)/'Data Saham'!D4 -> 0.028645833 | E5: =('Data Saham'!E5-'Data Saham'!E4)/'Data Saham'!E4 -> 0.0020576132 | F5: =('Data Saham'!F5-'Data Saham'!F4)/'Data Saham'!F4 -> 0.029147982 | G5: =('Data Saham'!G5-'Data Saham'!G4)/'Data Saham'!G4 -> -0.020408163 | H5: =('Data Saham'!H5-'Data Saham'!H4)/'Data Saham'!H4 -> 0 | I5: =('Data Saham'!I5-'Data Saham'!I4)/'Data Saham'!I4 -> -0.0048076923 | ... AF5: =('Data Saham'!AF5-'Data Saham'!AF4)/'Data Saham'!AF4 -> 0.041916168
A6: 45841 | B6: =('Data Saham'!B6-'Data Saham'!B5)/'Data Saham'!B5 -> 0.0027425826 | C6: =('Data Saham'!C6-'Data Saham'!C5)/'Data Saham'!C5 -> -0.0055710306 | D6: =('Data Saham'!D6-'Data Saham'!D5)/'Data Saham'!D5 -> -0.035443038 | E6: =('Data Saham'!E6-'Data Saham'!E5)/'Data Saham'!E5 -> -0.0061601643 | F6: =('Data Saham'!F6-'Data Saham'!F5)/'Data Saham'!F5 -> -0.010893246 | G6: =('Data Saham'!G6-'Data Saham'!G5)/'Data Saham'!G5 -> 0.0041666667 | H6: =('Data Saham'!H6-'Data Saham'!H5)/'Data Saham'!H5 -> 0.006122449 | I6: =('Data Saham'!I6-'Data Saham'!I5)/'Data Saham'!I5 -> 0.019323671 | ... AF6: =('Data Saham'!AF6-'Data Saham'!AF5)/'Data Saham'!AF5 -> 0.011494253
A7: 45933 | B7: =('Data Saham'!B7-'Data Saham'!B6)/'Data Saham'!B6 -> -0.0056946956 | C7: =('Data Saham'!C7-'Data Saham'!C6)/'Data Saham'!C6 -> 0 | D7: =('Data Saham'!D7-'Data Saham'!D6)/'Data Saham'!D6 -> -0.01312336 | E7: =('Data Saham'!E7-'Data Saham'!E6)/'Data Saham'!E6 -> -0.026859504 | F7: =('Data Saham'!F7-'Data Saham'!F6)/'Data Saham'!F6 -> -0.019823789 | G7: =('Data Saham'!G7-'Data Saham'!G6)/'Data Saham'!G6 -> -0.0082987552 | H7: =('Data Saham'!H7-'Data Saham'!H6)/'Data Saham'!H6 -> -0.032454361 | I7: =('Data Saham'!I7-'Data Saham'!I6)/'Data Saham'!I6 -> 0.0047393365 | ... AF7: =('Data Saham'!AF7-'Data Saham'!AF6)/'Data Saham'!AF6 -> -0.017045455
A8: 45964 | B8: =('Data Saham'!B8-'Data Saham'!B7)/'Data Saham'!B7 -> -0.0079354855 | C8: =('Data Saham'!C8-'Data Saham'!C7)/'Data Saham'!C7 -> 0 | D8: =('Data Saham'!D8-'Data Saham'!D7)/'Data Saham'!D7 -> 0.0079787234 | E8: =('Data Saham'!E8-'Data Saham'!E7)/'Data Saham'!E7 -> 0.0063694268 | F8: =('Data Saham'!F8-'Data Saham'!F7)/'Data Saham'!F7 -> 0 | G8: =('Data Saham'!G8-'Data Saham'!G7)/'Data Saham'!G7 -> -0.0083682008 | H8: =('Data Saham'!H8-'Data Saham'!H7)/'Data Saham'!H7 -> 0.0062893082 | I8: =('Data Saham'!I8-'Data Saham'!I7)/'Data Saham'!I7 -> -0.016509434 | ... AF8: =('Data Saham'!AF8-'Data Saham'!AF7)/'Data Saham'!AF7 -> -0.028901734
A9: 45994 | B9: =('Data Saham'!B9-'Data Saham'!B8)/'Data Saham'!B8 -> 0.018208483 | C9: =('Data Saham'!C9-'Data Saham'!C8)/'Data Saham'!C8 -> 0.022408964 | D9: =('Data Saham'!D9-'Data Saham'!D8)/'Data Saham'!D8 -> 0.026385224 | E9: =('Data Saham'!E9-'Data Saham'!E8)/'Data Saham'!E8 -> 0.029535865 | F9: =('Data Saham'!F9-'Data Saham'!F8)/'Data Saham'!F8 -> 0.017977528 | G9: =('Data Saham'!G9-'Data Saham'!G8)/'Data Saham'!G8 -> 0.033755274 | H9: =('Data Saham'!H9-'Data Saham'!H8)/'Data Saham'!H8 -> 0.0020833333 | I9: =('Data Saham'!I9-'Data Saham'!I8)/'Data Saham'!I8 -> 0.047961631 | ... AF9: =('Data Saham'!AF9-'Data Saham'!AF8)/'Data Saham'!AF8 -> 0.005952381
A10: 03/13/2025 | B10: =('Data Saham'!B10-'Data Saham'!B9)/'Data Saham'!B9 -> -0.002643645 | C10: =('Data Saham'!C10-'Data Saham'!C9)/'Data Saham'!C9 -> -0.016438356 | D10: =('Data Saham'!D10-'Data Saham'!D9)/'Data Saham'!D9 -> -0.023136247 | E10: =('Data Saham'!E10-'Data Saham'!E9)/'Data Saham'!E9 -> -0.028688525 | F10: =('Data Saham'!F10-'Data Saham'!F9)/'Data Saham'!F9 -> 0 | G10: =('Data Saham'!G10-'Data Saham'!G9)/'Data Saham'!G9 -> -0.0081632653 | H10: =('Data Saham'!H10-'Data Saham'!H9)/'Data Saham'!H9 -> -0.016632017 | I10: =('Data Saham'!I10-'Data Saham'!I9)/'Data Saham'!I9 -> 0.0068649886 | ... AF10: =('Data Saham'!AF10-'Data Saham'!AF9)/'Data Saham'!AF9 -> -0.01183432
A11: 03/14/2025 | B11: =('Data Saham'!B11-'Data Saham'!B10)/'Data Saham'!B10 -> -0.019825737 | C11: =('Data Saham'!C11-'Data Saham'!C10)/'Data Saham'!C10 -> -0.025069638 | D11: =('Data Saham'!D11-'Data Saham'!D10)/'Data Saham'!D10 -> -0.013157895 | E11: =('Data Saham'!E11-'Data Saham'!E10)/'Data Saham'!E10 -> 0 | F11: =('Data Saham'!F11-'Data Saham'!F10)/'Data Saham'!F10 -> -0.022075055 | G11: =('Data Saham'!G11-'Data Saham'!G10)/'Data Saham'!G10 -> -0.0041152263 | H11: =('Data Saham'!H11-'Data Saham'!H10)/'Data Saham'!H10 -> -0.023255814 | I11: =('Data Saham'!I11-'Data Saham'!I10)/'Data Saham'!I10 -> -0.022727273 | ... AF11: =('Data Saham'!AF11-'Data Saham'!AF10)/'Data Saham'!AF10 -> -0.005988024
A12: 03/17/2025 | B12: =('Data Saham'!B12-'Data Saham'!B11)/'Data Saham'!B11 -> -0.0067038797 | C12: =('Data Saham'!C12-'Data Saham'!C11)/'Data Saham'!C11 -> -0.017142857 | D12: =('Data Saham'!D12-'Data Saham'!D11)/'Data Saham'!D11 -> 0.021333333 | E12: =('Data Saham'!E12-'Data Saham'!E11)/'Data Saham'!E11 -> -0.012658228 | F12: =('Data Saham'!F12-'Data Saham'!F11)/'Data Saham'!F11 -> -0.022573363 | G12: =('Data Saham'!G12-'Data Saham'!G11)/'Data Saham'!G11 -> 0 | H12: =('Data Saham'!H12-'Data Saham'!H11)/'Data Saham'!H11 -> 0 | I12: =('Data Saham'!I12-'Data Saham'!I11)/'Data Saham'!I11 -> 0.018604651 | ... AF12: =('Data Saham'!AF12-'Data Saham'!AF11)/'Data Saham'!AF11 -> 0.024096386
A13: 03/18/2025 | B13: =('Data Saham'!B13-'Data Saham'!B12)/'Data Saham'!B12 -> -0.038405736 | C13: =('Data Saham'!C13-'Data Saham'!C12)/'Data Saham'!C12 -> -0.034883721 | D13: =('Data Saham'!D13-'Data Saham'!D12)/'Data Saham'!D12 -> -0.039164491 | E13: =('Data Saham'!E13-'Data Saham'!E12)/'Data Saham'!E12 -> -0.032051282 | F13: =('Data Saham'!F13-'Data Saham'!F12)/'Data Saham'!F12 -> -0.032332564 | G13: =('Data Saham'!G13-'Data Saham'!G12)/'Data Saham'!G12 -> 0 | H13: =('Data Saham'!H13-'Data Saham'!H12)/'Data Saham'!H12 -> 0.0064935065 | I13: =('Data Saham'!I13-'Data Saham'!I12)/'Data Saham'!I12 -> -0.011415525 | ... AF13: =('Data Saham'!AF13-'Data Saham'!AF12)/'Data Saham'!AF12 -> -0.052941176
A14: 03/19/2025 | B14: =('Data Saham'!B14-'Data Saham'!B13)/'Data Saham'!B13 -> 0.014183588 | C14: =('Data Saham'!C14-'Data Saham'!C13)/'Data Saham'!C13 -> 0.0030120482 | D14: =('Data Saham'!D14-'Data Saham'!D13)/'Data Saham'!D13 -> 0.0081521739 | E14: =('Data Saham'!E14-'Data Saham'!E13)/'Data Saham'!E13 -> 0.033112583 | F14: =('Data Saham'!F14-'Data Saham'!F13)/'Data Saham'!F13 -> -0.0047732697 | G14: =('Data Saham'!G14-'Data Saham'!G13)/'Data Saham'!G13 -> 0.0041322314 | H14: =('Data Saham'!H14-'Data Saham'!H13)/'Data Saham'!H13 -> 0.0086021505 | I14: =('Data Saham'!I14-'Data Saham'!I13)/'Data Saham'!I13 -> -0.0092378753 | ... AF14: =('Data Saham'!AF14-'Data Saham'!AF13)/'Data Saham'!AF13 -> 0.0062111801
A15: 03/20/2025 | B15: =('Data Saham'!B15-'Data Saham'!B14)/'Data Saham'!B14 -> 0.011092169 | C15: =('Data Saham'!C15-'Data Saham'!C14)/'Data Saham'!C14 -> 0.006006006 | D15: =('Data Saham'!D15-'Data Saham'!D14)/'Data Saham'!D14 -> -0.013477089 | E15: =('Data Saham'!E15-'Data Saham'!E14)/'Data Saham'!E14 -> -0.012820513 | F15: =('Data Saham'!F15-'Data Saham'!F14)/'Data Saham'!F14 -> -0.021582734 | G15: =('Data Saham'!G15-'Data Saham'!G14)/'Data Saham'!G14 -> -0.016460905 | H15: =('Data Saham'!H15-'Data Saham'!H14)/'Data Saham'!H14 -> 0.0042643923 | I15: =('Data Saham'!I15-'Data Saham'!I14)/'Data Saham'!I14 -> -0.011655012 | ... AF15: =('Data Saham'!AF15-'Data Saham'!AF14)/'Data Saham'!AF14 -> -0.024691358
A16: 03/21/2025 | B16: =('Data Saham'!B16-'Data Saham'!B15)/'Data Saham'!B15 -> -0.019350734 | C16: =('Data Saham'!C16-'Data Saham'!C15)/'Data Saham'!C15 -> -0.056716418 | D16: =('Data Saham'!D16-'Data Saham'!D15)/'Data Saham'!D15 -> 0.010928962 | E16: =('Data Saham'!E16-'Data Saham'!E15)/'Data Saham'!E15 -> -0.045454545 | F16: =('Data Saham'!F16-'Data Saham'!F15)/'Data Saham'!F15 -> -0.075980392 | G16: =('Data Saham'!G16-'Data Saham'!G15)/'Data Saham'!G15 -> -0.033472803 | H16: =('Data Saham'!H16-'Data Saham'!H15)/'Data Saham'!H15 -> 0.027600849 | I16: =('Data Saham'!I16-'Data Saham'!I15)/'Data Saham'!I15 -> -0.0023584906 | ... AF16: =('Data Saham'!AF16-'Data Saham'!AF15)/'Data Saham'!AF15 -> -0.069620253
A17: 03/24/2025 | B17: =('Data Saham'!B17-'Data Saham'!B16)/'Data Saham'!B16 -> -0.015493322 | C17: =('Data Saham'!C17-'Data Saham'!C16)/'Data Saham'!C16 -> 0.0063291139 | D17: =('Data Saham'!D17-'Data Saham'!D16)/'Data Saham'!D16 -> -0.024324324 | E17: =('Data Saham'!E17-'Data Saham'!E16)/'Data Saham'!E16 -> 0.011337868 | F17: =('Data Saham'!F17-'Data Saham'!F16)/'Data Saham'!F16 -> -0.013262599 | G17: =('Data Saham'!G17-'Data Saham'!G16)/'Data Saham'!G16 -> 0.0086580087 | H17: =('Data Saham'!H17-'Data Saham'!H16)/'Data Saham'!H16 -> -0.030991736 | I17: =('Data Saham'!I17-'Data Saham'!I16)/'Data Saham'!I16 -> -0.014184397 | ... AF17: =('Data Saham'!AF17-'Data Saham'!AF16)/'Data Saham'!AF16 -> -0.020408163
A18: 03/25/2025 | B18: =('Data Saham'!B18-'Data Saham'!B17)/'Data Saham'!B17 -> 0.01207553 | C18: =('Data Saham'!C18-'Data Saham'!C17)/'Data Saham'!C17 -> 0.012578616 | D18: =('Data Saham'!D18-'Data Saham'!D17)/'Data Saham'!D17 -> 0.052631579 | E18: =('Data Saham'!E18-'Data Saham'!E17)/'Data Saham'!E17 -> 0.062780269 | F18: =('Data Saham'!F18-'Data Saham'!F17)/'Data Saham'!F17 -> 0.048387097 | G18: =('Data Saham'!G18-'Data Saham'!G17)/'Data Saham'!G17 -> 0.0042918455 | H18: =('Data Saham'!H18-'Data Saham'!H17)/'Data Saham'!H17 -> -0.0085287846 | I18: =('Data Saham'!I18-'Data Saham'!I17)/'Data Saham'!I17 -> -0.0047961631 | ... AF18: =('Data Saham'!AF18-'Data Saham'!AF17)/'Data Saham'!AF17 -> 0.034722222
A19: 03/26/2025 | B19: =('Data Saham'!B19-'Data Saham'!B18)/'Data Saham'!B18 -> 0.037965752 | C19: =('Data Saham'!C19-'Data Saham'!C18)/'Data Saham'!C18 -> 0.059006211 | D19: =('Data Saham'!D19-'Data Saham'!D18)/'Data Saham'!D18 -> 0.052631579 | E19: =('Data Saham'!E19-'Data Saham'!E18)/'Data Saham'!E18 -> 0.08649789 | F19: =('Data Saham'!F19-'Data Saham'!F18)/'Data Saham'!F18 -> 0.08974359 | G19: =('Data Saham'!G19-'Data Saham'!G18)/'Data Saham'!G18 -> 0.042735043 | H19: =('Data Saham'!H19-'Data Saham'!H18)/'Data Saham'!H18 -> 0.032258065 | I19: =('Data Saham'!I19-'Data Saham'!I18)/'Data Saham'!I18 -> 0.01686747 | ... AF19: =('Data Saham'!AF19-'Data Saham'!AF18)/'Data Saham'!AF18 -> 0.033557047
A20: 03/27/2025 | B20: =('Data Saham'!B20-'Data Saham'!B19)/'Data Saham'!B19 -> 0.0059112905 | C20: =('Data Saham'!C20-'Data Saham'!C19)/'Data Saham'!C19 -> -0.0029325513 | D20: =('Data Saham'!D20-'Data Saham'!D19)/'Data Saham'!D19 -> 0.0125 | E20: =('Data Saham'!E20-'Data Saham'!E19)/'Data Saham'!E19 -> 0.0097087379 | F20: =('Data Saham'!F20-'Data Saham'!F19)/'Data Saham'!F19 -> -0.0023529412 | G20: =('Data Saham'!G20-'Data Saham'!G19)/'Data Saham'!G19 -> -0.012295082 | H20: =('Data Saham'!H20-'Data Saham'!H19)/'Data Saham'!H19 -> 0.025 | I20: =('Data Saham'!I20-'Data Saham'!I19)/'Data Saham'!I19 -> -0.035545024 | ... AF20: =('Data Saham'!AF20-'Data Saham'!AF19)/'Data Saham'!AF19 -> -0.025974026
A21: 45873 | B21: =('Data Saham'!B21-'Data Saham'!B20)/'Data Saham'!B20 -> -0.07902166 | C21: =('Data Saham'!C21-'Data Saham'!C20)/'Data Saham'!C20 -> -0.085294118 | D21: =('Data Saham'!D21-'Data Saham'!D20)/'Data Saham'!D20 -> -0.10123457 | E21: =('Data Saham'!E21-'Data Saham'!E20)/'Data Saham'!E20 -> -0.10192308 | F21: =('Data Saham'!F21-'Data Saham'!F20)/'Data Saham'!F20 -> -0.049528302 | G21: =('Data Saham'!G21-'Data Saham'!G20)/'Data Saham'!G20 -> -0.049792531 | H21: =('Data Saham'!H21-'Data Saham'!H20)/'Data Saham'!H20 -> -0.089430894 | I21: =('Data Saham'!I21-'Data Saham'!I20)/'Data Saham'!I20 -> -0.046683047 | ... AF21: =('Data Saham'!AF21-'Data Saham'!AF20)/'Data Saham'!AF20 -> -0.04
A22: 45904 | B22: =('Data Saham'!B22-'Data Saham'!B21)/'Data Saham'!B21 -> -0.0046946869 | C22: =('Data Saham'!C22-'Data Saham'!C21)/'Data Saham'!C21 -> 0.019292605 | D22: =('Data Saham'!D22-'Data Saham'!D21)/'Data Saham'!D21 -> -0.0027472527 | E22: =('Data Saham'!E22-'Data Saham'!E21)/'Data Saham'!E21 -> 0.0085653105 | F22: =('Data Saham'!F22-'Data Saham'!F21)/'Data Saham'!F21 -> 0.0024813896 | G22: =('Data Saham'!G22-'Data Saham'!G21)/'Data Saham'!G21 -> 0.013100437 | H22: =('Data Saham'!H22-'Data Saham'!H21)/'Data Saham'!H21 -> 0.03125 | I22: =('Data Saham'!I22-'Data Saham'!I21)/'Data Saham'!I21 -> -0.012886598 | ... AF22: =('Data Saham'!AF22-'Data Saham'!AF21)/'Data Saham'!AF21 -> 0.034722222
A23: 45934 | B23: =('Data Saham'!B23-'Data Saham'!B22)/'Data Saham'!B22 -> 0.047927359 | C23: =('Data Saham'!C23-'Data Saham'!C22)/'Data Saham'!C22 -> 0.03785489 | D23: =('Data Saham'!D23-'Data Saham'!D22)/'Data Saham'!D22 -> 0.046831956 | E23: =('Data Saham'!E23-'Data Saham'!E22)/'Data Saham'!E22 -> 0.066878981 | F23: =('Data Saham'!F23-'Data Saham'!F22)/'Data Saham'!F22 -> 0.054455446 | G23: =('Data Saham'!G23-'Data Saham'!G22)/'Data Saham'!G22 -> 0.012931034 | H23: =('Data Saham'!H23-'Data Saham'!H22)/'Data Saham'!H22 -> 0.019480519 | I23: =('Data Saham'!I23-'Data Saham'!I22)/'Data Saham'!I22 -> 0.044386423 | ... AF23: =('Data Saham'!AF23-'Data Saham'!AF22)/'Data Saham'!AF22 -> 0.067114094
A24: 45965 | B24: =('Data Saham'!B24-'Data Saham'!B23)/'Data Saham'!B23 -> 0.0013127556 | C24: =('Data Saham'!C24-'Data Saham'!C23)/'Data Saham'!C23 -> 0.0060790274 | D24: =('Data Saham'!D24-'Data Saham'!D23)/'Data Saham'!D23 -> -0.044736842 | E24: =('Data Saham'!E24-'Data Saham'!E23)/'Data Saham'!E23 -> 0.014925373 | F24: =('Data Saham'!F24-'Data Saham'!F23)/'Data Saham'!F23 -> 0.030516432 | G24: =('Data Saham'!G24-'Data Saham'!G23)/'Data Saham'!G23 -> -0.0085106383 | H24: =('Data Saham'!H24-'Data Saham'!H23)/'Data Saham'!H23 -> 0 | I24: =('Data Saham'!I24-'Data Saham'!I23)/'Data Saham'!I23 -> -0.0075 | ... AF24: =('Data Saham'!AF24-'Data Saham'!AF23)/'Data Saham'!AF23 -> -0.0062893082
A25: 04/14/2025 | B25: =('Data Saham'!B25-'Data Saham'!B24)/'Data Saham'!B24 -> 0.016973187 | C25: =('Data Saham'!C25-'Data Saham'!C24)/'Data Saham'!C24 -> 0.01510574 | D25: =('Data Saham'!D25-'Data Saham'!D24)/'Data Saham'!D24 -> 0.016528926 | E25: =('Data Saham'!E25-'Data Saham'!E24)/'Data Saham'!E24 -> -0.068627451 | F25: =('Data Saham'!F25-'Data Saham'!F24)/'Data Saham'!F24 -> 0.036446469 | G25: =('Data Saham'!G25-'Data Saham'!G24)/'Data Saham'!G24 -> 0.042918455 | H25: =('Data Saham'!H25-'Data Saham'!H24)/'Data Saham'!H24 -> 0.04670913 | I25: =('Data Saham'!I25-'Data Saham'!I24)/'Data Saham'!I24 -> 0.040302267 | ... AF25: =('Data Saham'!AF25-'Data Saham'!AF24)/'Data Saham'!AF24 -> 0.063291139
A26: 04/15/2025 | B26: =('Data Saham'!B26-'Data Saham'!B25)/'Data Saham'!B25 -> 0.011487755 | C26: =('Data Saham'!C26-'Data Saham'!C25)/'Data Saham'!C25 -> 0.020833333 | D26: =('Data Saham'!D26-'Data Saham'!D25)/'Data Saham'!D25 -> 0 | E26: =('Data Saham'!E26-'Data Saham'!E25)/'Data Saham'!E25 -> -0.0084210526 | F26: =('Data Saham'!F26-'Data Saham'!F25)/'Data Saham'!F25 -> -0.059340659 | G26: =('Data Saham'!G26-'Data Saham'!G25)/'Data Saham'!G25 -> 0.0082304527 | H26: =('Data Saham'!H26-'Data Saham'!H25)/'Data Saham'!H25 -> -0.012170385 | I26: =('Data Saham'!I26-'Data Saham'!I25)/'Data Saham'!I25 -> 0.014527845 | ... AF26: =('Data Saham'!AF26-'Data Saham'!AF25)/'Data Saham'!AF25 -> 0.005952381
A27: 04/16/2025 | B27: =('Data Saham'!B27-'Data Saham'!B26)/'Data Saham'!B26 -> -0.0064625998 | C27: =('Data Saham'!C27-'Data Saham'!C26)/'Data Saham'!C26 -> -0.011661808 | D27: =('Data Saham'!D27-'Data Saham'!D26)/'Data Saham'!D26 -> -0.010840108 | E27: =('Data Saham'!E27-'Data Saham'!E26)/'Data Saham'!E26 -> -0.016985138 | F27: =('Data Saham'!F27-'Data Saham'!F26)/'Data Saham'!F26 -> -0.042056075 | G27: =('Data Saham'!G27-'Data Saham'!G26)/'Data Saham'!G26 -> 0.012244898 | H27: =('Data Saham'!H27-'Data Saham'!H26)/'Data Saham'!H26 -> -0.018480493 | I27: =('Data Saham'!I27-'Data Saham'!I26)/'Data Saham'!I26 -> -0.021479714 | ... AF27: =('Data Saham'!AF27-'Data Saham'!AF26)/'Data Saham'!AF26 -> -0.035502959
A28: 04/17/2025 | B28: =('Data Saham'!B28-'Data Saham'!B27)/'Data Saham'!B27 -> 0.0059718283 | C28: =('Data Saham'!C28-'Data Saham'!C27)/'Data Saham'!C27 -> 0.0029498525 | D28: =('Data Saham'!D28-'Data Saham'!D27)/'Data Saham'!D27 -> -0.002739726 | E28: =('Data Saham'!E28-'Data Saham'!E27)/'Data Saham'!E27 -> -0.0064794816 | F28: =('Data Saham'!F28-'Data Saham'!F27)/'Data Saham'!F27 -> -0.014634146 | G28: =('Data Saham'!G28-'Data Saham'!G27)/'Data Saham'!G27 -> 0.028225806 | H28: =('Data Saham'!H28-'Data Saham'!H27)/'Data Saham'!H27 -> -0.0062761506 | I28: =('Data Saham'!I28-'Data Saham'!I27)/'Data Saham'!I27 -> 0.034146341 | ... AF28: =('Data Saham'!AF28-'Data Saham'!AF27)/'Data Saham'!AF27 -> 0.030674847
A29: 04/21/2025 | B29: =('Data Saham'!B29-'Data Saham'!B28)/'Data Saham'!B28 -> 0.0011959735 | C29: =('Data Saham'!C29-'Data Saham'!C28)/'Data Saham'!C28 -> -0.023529412 | D29: =('Data Saham'!D29-'Data Saham'!D28)/'Data Saham'!D28 -> -0.0054945055 | E29: =('Data Saham'!E29-'Data Saham'!E28)/'Data Saham'!E28 -> 0.002173913 | F29: =('Data Saham'!F29-'Data Saham'!F28)/'Data Saham'!F28 -> -0.012376238 | G29: =('Data Saham'!G29-'Data Saham'!G28)/'Data Saham'!G28 -> 0.0078431373 | H29: =('Data Saham'!H29-'Data Saham'!H28)/'Data Saham'!H28 -> 0.0084210526 | I29: =('Data Saham'!I29-'Data Saham'!I28)/'Data Saham'!I28 -> -0.0047169811 | ... AF29: =('Data Saham'!AF29-'Data Saham'!AF28)/'Data Saham'!AF28 -> 0.005952381
A30: 04/22/2025 | B30: =('Data Saham'!B30-'Data Saham'!B29)/'Data Saham'!B29 -> 0.014319024 | C30: =('Data Saham'!C30-'Data Saham'!C29)/'Data Saham'!C29 -> 0.024096386 | D30: =('Data Saham'!D30-'Data Saham'!D29)/'Data Saham'!D29 -> 0.0027624309 | E30: =('Data Saham'!E30-'Data Saham'!E29)/'Data Saham'!E29 -> 0.023861171 | F30: =('Data Saham'!F30-'Data Saham'!F29)/'Data Saham'!F29 -> 0.0050125313 | G30: =('Data Saham'!G30-'Data Saham'!G29)/'Data Saham'!G29 -> -0.0077821012 | H30: =('Data Saham'!H30-'Data Saham'!H29)/'Data Saham'!H29 -> -0.010438413 | I30: =('Data Saham'!I30-'Data Saham'!I29)/'Data Saham'!I29 -> -0.0071090047 | ... AF30: =('Data Saham'!AF30-'Data Saham'!AF29)/'Data Saham'!AF29 -> 0
A31: 04/23/2025 | B31: =('Data Saham'!B31-'Data Saham'!B30)/'Data Saham'!B30 -> 0.014699607 | C31: =('Data Saham'!C31-'Data Saham'!C30)/'Data Saham'!C30 -> 0.026470588 | D31: =('Data Saham'!D31-'Data Saham'!D30)/'Data Saham'!D30 -> 0.035812672 | E31: =('Data Saham'!E31-'Data Saham'!E30)/'Data Saham'!E30 -> 0.038135593 | F31: =('Data Saham'!F31-'Data Saham'!F30)/'Data Saham'!F30 -> 0.034912718 | G31: =('Data Saham'!G31-'Data Saham'!G30)/'Data Saham'!G30 -> 0.031372549 | H31: =('Data Saham'!H31-'Data Saham'!H30)/'Data Saham'!H30 -> 0.016877637 | I31: =('Data Saham'!I31-'Data Saham'!I30)/'Data Saham'!I30 -> 0.021479714 | ... AF31: =('Data Saham'!AF31-'Data Saham'!AF30)/'Data Saham'!AF30 -> 0.01183432
A32: 04/24/2025 | B32: =('Data Saham'!B32-'Data Saham'!B31)/'Data Saham'!B31 -> -0.0031502567 | C32: =('Data Saham'!C32-'Data Saham'!C31)/'Data Saham'!C31 -> -0.028653295 | D32: =('Data Saham'!D32-'Data Saham'!D31)/'Data Saham'!D31 -> -0.0079787234 | E32: =('Data Saham'!E32-'Data Saham'!E31)/'Data Saham'!E31 -> -0.0020408163 | F32: =('Data Saham'!F32-'Data Saham'!F31)/'Data Saham'!F31 -> 0.0048192771 | G32: =('Data Saham'!G32-'Data Saham'!G31)/'Data Saham'!G31 -> 0 | H32: =('Data Saham'!H32-'Data Saham'!H31)/'Data Saham'!H31 -> -0.010373444 | I32: =('Data Saham'!I32-'Data Saham'!I31)/'Data Saham'!I31 -> 0.028037383 | ... AF32: =('Data Saham'!AF32-'Data Saham'!AF31)/'Data Saham'!AF31 -> 0.01754386
A33: 04/25/2025 | B33: =('Data Saham'!B33-'Data Saham'!B32)/'Data Saham'!B32 -> 0.0098949418 | C33: =('Data Saham'!C33-'Data Saham'!C32)/'Data Saham'!C32 -> 0.014749263 | D33: =('Data Saham'!D33-'Data Saham'!D32)/'Data Saham'!D32 -> 0.0026809651 | E33: =('Data Saham'!E33-'Data Saham'!E32)/'Data Saham'!E32 -> 0.0020449898 | F33: =('Data Saham'!F33-'Data Saham'!F32)/'Data Saham'!F32 -> 0.0071942446 | G33: =('Data Saham'!G33-'Data Saham'!G32)/'Data Saham'!G32 -> -0.011406844 | H33: =('Data Saham'!H33-'Data Saham'!H32)/'Data Saham'!H32 -> 0.018867925 | I33: =('Data Saham'!I33-'Data Saham'!I32)/'Data Saham'!I32 -> 0 | ... AF33: =('Data Saham'!AF33-'Data Saham'!AF32)/'Data Saham'!AF32 -> 0.063218391
A34: 04/28/2025 | B34: =('Data Saham'!B34-'Data Saham'!B33)/'Data Saham'!B33 -> 0.0065953777 | C34: =('Data Saham'!C34-'Data Saham'!C33)/'Data Saham'!C33 -> 0.020348837 | D34: =('Data Saham'!D34-'Data Saham'!D33)/'Data Saham'!D33 -> 0.026737968 | E34: =('Data Saham'!E34-'Data Saham'!E33)/'Data Saham'!E33 -> 0.0040816327 | F34: =('Data Saham'!F34-'Data Saham'!F33)/'Data Saham'!F33 -> -0.0023809524 | G34: =('Data Saham'!G34-'Data Saham'!G33)/'Data Saham'!G33 -> -0.015384615 | H34: =('Data Saham'!H34-'Data Saham'!H33)/'Data Saham'!H33 -> 0.0061728395 | I34: =('Data Saham'!I34-'Data Saham'!I33)/'Data Saham'!I33 -> 0 | ... AF34: =('Data Saham'!AF34-'Data Saham'!AF33)/'Data Saham'!AF33 -> -0.021621622
A35: 04/29/2025 | B35: =('Data Saham'!B35-'Data Saham'!B34)/'Data Saham'!B34 -> 0.0038837002 | C35: =('Data Saham'!C35-'Data Saham'!C34)/'Data Saham'!C34 -> -0.0056980057 | D35: =('Data Saham'!D35-'Data Saham'!D34)/'Data Saham'!D34 -> 0.0026041667 | E35: =('Data Saham'!E35-'Data Saham'!E34)/'Data Saham'!E34 -> 0.0040650407 | F35: =('Data Saham'!F35-'Data Saham'!F34)/'Data Saham'!F34 -> -0.011933174 | G35: =('Data Saham'!G35-'Data Saham'!G34)/'Data Saham'!G34 -> 0.01171875 | H35: =('Data Saham'!H35-'Data Saham'!H34)/'Data Saham'!H34 -> -0.018404908 | I35: =('Data Saham'!I35-'Data Saham'!I34)/'Data Saham'!I34 -> 0.022727273 | ... AF35: =('Data Saham'!AF35-'Data Saham'!AF34)/'Data Saham'!AF34 -> 0
A36: 04/30/2025 | B36: =('Data Saham'!B36-'Data Saham'!B35)/'Data Saham'!B35 -> 0.0026240614 | C36: =('Data Saham'!C36-'Data Saham'!C35)/'Data Saham'!C35 -> 0.011461318 | D36: =('Data Saham'!D36-'Data Saham'!D35)/'Data Saham'!D35 -> 0 | E36: =('Data Saham'!E36-'Data Saham'!E35)/'Data Saham'!E35 -> -0.010121457 | F36: =('Data Saham'!F36-'Data Saham'!F35)/'Data Saham'!F35 -> 0.0096618357 | G36: =('Data Saham'!G36-'Data Saham'!G35)/'Data Saham'!G35 -> 0.019305019 | H36: =('Data Saham'!H36-'Data Saham'!H35)/'Data Saham'!H35 -> 0 | I36: =('Data Saham'!I36-'Data Saham'!I35)/'Data Saham'!I35 -> 0.0088888889 | ... AF36: =('Data Saham'!AF36-'Data Saham'!AF35)/'Data Saham'!AF35 -> 0.016574586
A37: 45693 | B37: =('Data Saham'!B37-'Data Saham'!B36)/'Data Saham'!B36 -> 0.0072323805 | C37: =('Data Saham'!C37-'Data Saham'!C36)/'Data Saham'!C36 -> 0.016997167 | D37: =('Data Saham'!D37-'Data Saham'!D36)/'Data Saham'!D36 -> 0.0077922078 | E37: =('Data Saham'!E37-'Data Saham'!E36)/'Data Saham'!E36 -> 0.014314928 | F37: =('Data Saham'!F37-'Data Saham'!F36)/'Data Saham'!F36 -> 0.004784689 | G37: =('Data Saham'!G37-'Data Saham'!G36)/'Data Saham'!G36 -> 0.015151515 | H37: =('Data Saham'!H37-'Data Saham'!H36)/'Data Saham'!H36 -> -0.0020833333 | I37: =('Data Saham'!I37-'Data Saham'!I36)/'Data Saham'!I36 -> -0.030837004 | ... AF37: =('Data Saham'!AF37-'Data Saham'!AF36)/'Data Saham'!AF36 -> 0.010869565
A38: 45782 | B38: =('Data Saham'!B38-'Data Saham'!B37)/'Data Saham'!B37 -> 0.0023797891 | C38: =('Data Saham'!C38-'Data Saham'!C37)/'Data Saham'!C37 -> 0 | D38: =('Data Saham'!D38-'Data Saham'!D37)/'Data Saham'!D37 -> -0.0051546392 | E38: =('Data Saham'!E38-'Data Saham'!E37)/'Data Saham'!E37 -> 0.0040322581 | F38: =('Data Saham'!F38-'Data Saham'!F37)/'Data Saham'!F37 -> 0.0023809524 | G38: =('Data Saham'!G38-'Data Saham'!G37)/'Data Saham'!G37 -> 0.0074626866 | H38: =('Data Saham'!H38-'Data Saham'!H37)/'Data Saham'!H37 -> -0.0020876827 | I38: =('Data Saham'!I38-'Data Saham'!I37)/'Data Saham'!I37 -> 0.018181818 | ... AF38: =('Data Saham'!AF38-'Data Saham'!AF37)/'Data Saham'!AF37 -> 0.021505376
A39: 45813 | B39: =('Data Saham'!B39-'Data Saham'!B38)/'Data Saham'!B38 -> 0.009697085 | C39: =('Data Saham'!C39-'Data Saham'!C38)/'Data Saham'!C38 -> 0.0055710306 | D39: =('Data Saham'!D39-'Data Saham'!D38)/'Data Saham'!D38 -> 0.0051813472 | E39: =('Data Saham'!E39-'Data Saham'!E38)/'Data Saham'!E38 -> 0 | F39: =('Data Saham'!F39-'Data Saham'!F38)/'Data Saham'!F38 -> -0.0071258907 | G39: =('Data Saham'!G39-'Data Saham'!G38)/'Data Saham'!G38 -> -0.0074074074 | H39: =('Data Saham'!H39-'Data Saham'!H38)/'Data Saham'!H38 -> -0.0062761506 | I39: =('Data Saham'!I39-'Data Saham'!I38)/'Data Saham'!I38 -> 0.0066964286 | ... AF39: =('Data Saham'!AF39-'Data Saham'!AF38)/'Data Saham'!AF38 -> 0
A40: 45843 | B40: =('Data Saham'!B40-'Data Saham'!B39)/'Data Saham'!B39 -> 0.0040633789 | C40: =('Data Saham'!C40-'Data Saham'!C39)/'Data Saham'!C39 -> 0.0055401662 | D40: =('Data Saham'!D40-'Data Saham'!D39)/'Data Saham'!D39 -> 0.0077319588 | E40: =('Data Saham'!E40-'Data Saham'!E39)/'Data Saham'!E39 -> -0.0060240964 | F40: =('Data Saham'!F40-'Data Saham'!F39)/'Data Saham'!F39 -> -0.004784689 | G40: =('Data Saham'!G40-'Data Saham'!G39)/'Data Saham'!G39 -> -0.02238806 | H40: =('Data Saham'!H40-'Data Saham'!H39)/'Data Saham'!H39 -> 0.016842105 | I40: =('Data Saham'!I40-'Data Saham'!I39)/'Data Saham'!I39 -> -0.017738359 | ... AF40: =('Data Saham'!AF40-'Data Saham'!AF39)/'Data Saham'!AF39 -> 0.036842105
A41: 45874 | B41: =('Data Saham'!B41-'Data Saham'!B40)/'Data Saham'!B40 -> -0.014218413 | C41: =('Data Saham'!C41-'Data Saham'!C40)/'Data Saham'!C40 -> -0.011019284 | D41: =('Data Saham'!D41-'Data Saham'!D40)/'Data Saham'!D40 -> -0.030690537 | E41: =('Data Saham'!E41-'Data Saham'!E40)/'Data Saham'!E40 -> -0.032323232 | F41: =('Data Saham'!F41-'Data Saham'!F40)/'Data Saham'!F40 -> -0.0096153846 | G41: =('Data Saham'!G41-'Data Saham'!G40)/'Data Saham'!G40 -> -0.019083969 | H41: =('Data Saham'!H41-'Data Saham'!H40)/'Data Saham'!H40 -> -0.010351967 | I41: =('Data Saham'!I41-'Data Saham'!I40)/'Data Saham'!I40 -> 0.029345372 | ... AF41: =('Data Saham'!AF41-'Data Saham'!AF40)/'Data Saham'!AF40 -> -0.025380711
A42: 45905 | B42: =('Data Saham'!B42-'Data Saham'!B41)/'Data Saham'!B41 -> 0.00073962872 | C42: =('Data Saham'!C42-'Data Saham'!C41)/'Data Saham'!C41 -> 0.0027855153 | D42: =('Data Saham'!D42-'Data Saham'!D41)/'Data Saham'!D41 -> 0.013192612 | E42: =('Data Saham'!E42-'Data Saham'!E41)/'Data Saham'!E41 -> -0.0041753653 | F42: =('Data Saham'!F42-'Data Saham'!F41)/'Data Saham'!F41 -> -0.0048543689 | G42: =('Data Saham'!G42-'Data Saham'!G41)/'Data Saham'!G41 -> 0.011673152 | H42: =('Data Saham'!H42-'Data Saham'!H41)/'Data Saham'!H41 -> 0 | I42: =('Data Saham'!I42-'Data Saham'!I41)/'Data Saham'!I41 -> -0.01754386 | ... AF42: =('Data Saham'!AF42-'Data Saham'!AF41)/'Data Saham'!AF41 -> 0.0052083333
A43: 05/14/2025 | B43: =('Data Saham'!B43-'Data Saham'!B42)/'Data Saham'!B42 -> 0.021525582 | C43: =('Data Saham'!C43-'Data Saham'!C42)/'Data Saham'!C42 -> 0.030555556 | D43: =('Data Saham'!D43-'Data Saham'!D42)/'Data Saham'!D42 -> 0.065104167 | E43: =('Data Saham'!E43-'Data Saham'!E42)/'Data Saham'!E42 -> 0.05870021 | F43: =('Data Saham'!F43-'Data Saham'!F42)/'Data Saham'!F42 -> 0.065853659 | G43: =('Data Saham'!G43-'Data Saham'!G42)/'Data Saham'!G42 -> -0.0038461538 | H43: =('Data Saham'!H43-'Data Saham'!H42)/'Data Saham'!H42 -> 0.0062761506 | I43: =('Data Saham'!I43-'Data Saham'!I42)/'Data Saham'!I42 -> -0.0022321429 | ... AF43: =('Data Saham'!AF43-'Data Saham'!AF42)/'Data Saham'!AF42 -> -0.99894301
A44: 05/15/2025 | B44: =('Data Saham'!B44-'Data Saham'!B43)/'Data Saham'!B43 -> 0.0086362516 | C44: =('Data Saham'!C44-'Data Saham'!C43)/'Data Saham'!C43 -> 0 | D44: =('Data Saham'!D44-'Data Saham'!D43)/'Data Saham'!D43 -> 0.04400978 | E44: =('Data Saham'!E44-'Data Saham'!E43)/'Data Saham'!E43 -> 0.054455446 | F44: =('Data Saham'!F44-'Data Saham'!F43)/'Data Saham'!F43 -> 0.029748284 | G44: =('Data Saham'!G44-'Data Saham'!G43)/'Data Saham'!G43 -> 0.027027027 | H44: =('Data Saham'!H44-'Data Saham'!H43)/'Data Saham'!H43 -> 0.0020790021 | I44: =('Data Saham'!I44-'Data Saham'!I43)/'Data Saham'!I43 -> -0.011185682 | ... AF44: =('Data Saham'!AF44-'Data Saham'!AF43)/'Data Saham'!AF43 -> -0.0049019608
A45: 05/16/2025 | B45: =('Data Saham'!B45-'Data Saham'!B44)/'Data Saham'!B44 -> 0.0094273426 | C45: =('Data Saham'!C45-'Data Saham'!C44)/'Data Saham'!C44 -> 0.0026954178 | D45: =('Data Saham'!D45-'Data Saham'!D44)/'Data Saham'!D44 -> -0.0046838407 | E45: =('Data Saham'!E45-'Data Saham'!E44)/'Data Saham'!E44 -> 0.028169014 | F45: =('Data Saham'!F45-'Data Saham'!F44)/'Data Saham'!F44 -> 0 | G45: =('Data Saham'!G45-'Data Saham'!G44)/'Data Saham'!G44 -> 0.030075188 | H45: =('Data Saham'!H45-'Data Saham'!H44)/'Data Saham'!H44 -> 0.012448133 | I45: =('Data Saham'!I45-'Data Saham'!I44)/'Data Saham'!I44 -> 0.0022624434 | ... AF45: =('Data Saham'!AF45-'Data Saham'!AF44)/'Data Saham'!AF44 -> 0
A46: 05/19/2025 | B46: =('Data Saham'!B46-'Data Saham'!B45)/'Data Saham'!B45 -> 0.0048631329 | C46: =('Data Saham'!C46-'Data Saham'!C45)/'Data Saham'!C45 -> 0.021505376 | D46: =('Data Saham'!D46-'Data Saham'!D45)/'Data Saham'!D45 -> -0.0047058824 | E46: =('Data Saham'!E46-'Data Saham'!E45)/'Data Saham'!E45 -> 0.0091324201 | F46: =('Data Saham'!F46-'Data Saham'!F45)/'Data Saham'!F45 -> -0.0088888889 | G46: =('Data Saham'!G46-'Data Saham'!G45)/'Data Saham'!G45 -> 0.02919708 | H46: =('Data Saham'!H46-'Data Saham'!H45)/'Data Saham'!H45 -> 0.012295082 | I46: =('Data Saham'!I46-'Data Saham'!I45)/'Data Saham'!I45 -> -0.011286682 | ... AF46: =('Data Saham'!AF46-'Data Saham'!AF45)/'Data Saham'!AF45 -> 0.0098522167
A47: 05/20/2025 | B47: =('Data Saham'!B47-'Data Saham'!B46)/'Data Saham'!B46 -> -0.0065102106 | C47: =('Data Saham'!C47-'Data Saham'!C46)/'Data Saham'!C46 -> -0.0026315789 | D47: =('Data Saham'!D47-'Data Saham'!D46)/'Data Saham'!D46 -> -0.0047281324 | E47: =('Data Saham'!E47-'Data Saham'!E46)/'Data Saham'!E46 -> -0.022624434 | F47: =('Data Saham'!F47-'Data Saham'!F46)/'Data Saham'!F46 -> -0.0022421525 | G47: =('Data Saham'!G47-'Data Saham'!G46)/'Data Saham'!G46 -> -0.028368794 | H47: =('Data Saham'!H47-'Data Saham'!H46)/'Data Saham'!H46 -> -0.016194332 | I47: =('Data Saham'!I47-'Data Saham'!I46)/'Data Saham'!I46 -> -0.01826484 | ... AF47: =('Data Saham'!AF47-'Data Saham'!AF46)/'Data Saham'!AF46 -> -0.024390244
A48: 05/21/2025 | B48: =('Data Saham'!B48-'Data Saham'!B47)/'Data Saham'!B47 -> 0.0067459758 | C48: =('Data Saham'!C48-'Data Saham'!C47)/'Data Saham'!C47 -> 0.023746702 | D48: =('Data Saham'!D48-'Data Saham'!D47)/'Data Saham'!D47 -> 0.011876485 | E48: =('Data Saham'!E48-'Data Saham'!E47)/'Data Saham'!E47 -> 0.0092592593 | F48: =('Data Saham'!F48-'Data Saham'!F47)/'Data Saham'!F47 -> 0.015730337 | G48: =('Data Saham'!G48-'Data Saham'!G47)/'Data Saham'!G47 -> 0.003649635 | H48: =('Data Saham'!H48-'Data Saham'!H47)/'Data Saham'!H47 -> -0.03909465 | I48: =('Data Saham'!I48-'Data Saham'!I47)/'Data Saham'!I47 -> 0.0069767442 | ... AF48: =('Data Saham'!AF48-'Data Saham'!AF47)/'Data Saham'!AF47 -> 989
A49: 05/22/2025 | B49: =('Data Saham'!B49-'Data Saham'!B48)/'Data Saham'!B48 -> 0.0034329909 | C49: =('Data Saham'!C49-'Data Saham'!C48)/'Data Saham'!C48 -> -0.0051546392 | D49: =('Data Saham'!D49-'Data Saham'!D48)/'Data Saham'!D48 -> 0.0093896714 | E49: =('Data Saham'!E49-'Data Saham'!E48)/'Data Saham'!E48 -> 0 | F49: =('Data Saham'!F49-'Data Saham'!F48)/'Data Saham'!F48 -> -0.011061947 | G49: =('Data Saham'!G49-'Data Saham'!G48)/'Data Saham'!G48 -> 0.018181818 | H49: =('Data Saham'!H49-'Data Saham'!H48)/'Data Saham'!H48 -> -0.0085653105 | I49: =('Data Saham'!I49-'Data Saham'!I48)/'Data Saham'!I48 -> -0.0023094688 | ... AF49: =('Data Saham'!AF49-'Data Saham'!AF48)/'Data Saham'!AF48 -> -0.015151515
A50: 05/23/2025 | B50: =('Data Saham'!B50-'Data Saham'!B49)/'Data Saham'!B49 -> 0.006582968 | C50: =('Data Saham'!C50-'Data Saham'!C49)/'Data Saham'!C49 -> 0.0025906736 | D50: =('Data Saham'!D50-'Data Saham'!D49)/'Data Saham'!D49 -> 0.011627907 | E50: =('Data Saham'!E50-'Data Saham'!E49)/'Data Saham'!E49 -> -0.004587156 | F50: =('Data Saham'!F50-'Data Saham'!F49)/'Data Saham'!F49 -> 0.0089485459 | G50: =('Data Saham'!G50-'Data Saham'!G49)/'Data Saham'!G49 -> -0.039285714 | H50: =('Data Saham'!H50-'Data Saham'!H49)/'Data Saham'!H49 -> 0.023758099 | I50: =('Data Saham'!I50-'Data Saham'!I49)/'Data Saham'!I49 -> 0.0023148148 | ... AF50: =('Data Saham'!AF50-'Data Saham'!AF49)/'Data Saham'!AF49 -> 0.01025641
A51: 05/26/2025 | B51: =('Data Saham'!B51-'Data Saham'!B50)/'Data Saham'!B50 -> -0.0035776861 | C51: =('Data Saham'!C51-'Data Saham'!C50)/'Data Saham'!C50 -> -0.0051679587 | D51: =('Data Saham'!D51-'Data Saham'!D50)/'Data Saham'!D50 -> -0.0068965517 | E51: =('Data Saham'!E51-'Data Saham'!E50)/'Data Saham'!E50 -> 0.0092165899 | F51: =('Data Saham'!F51-'Data Saham'!F50)/'Data Saham'!F50 -> -0.0022172949 | G51: =('Data Saham'!G51-'Data Saham'!G50)/'Data Saham'!G50 -> 0.040892193 | H51: =('Data Saham'!H51-'Data Saham'!H50)/'Data Saham'!H50 -> -0.0021097046 | I51: =('Data Saham'!I51-'Data Saham'!I50)/'Data Saham'!I50 -> 0.018475751 | ... AF51: =('Data Saham'!AF51-'Data Saham'!AF50)/'Data Saham'!AF50 -> 0
A52: 05/27/2025 | B52: =('Data Saham'!B52-'Data Saham'!B51)/'Data Saham'!B51 -> 0.0014773905 | C52: =('Data Saham'!C52-'Data Saham'!C51)/'Data Saham'!C51 -> -0.018181818 | D52: =('Data Saham'!D52-'Data Saham'!D51)/'Data Saham'!D51 -> 0.011574074 | E52: =('Data Saham'!E52-'Data Saham'!E51)/'Data Saham'!E51 -> -0.01369863 | F52: =('Data Saham'!F52-'Data Saham'!F51)/'Data Saham'!F51 -> 0.0066666667 | G52: =('Data Saham'!G52-'Data Saham'!G51)/'Data Saham'!G51 -> 0.010714286 | H52: =('Data Saham'!H52-'Data Saham'!H51)/'Data Saham'!H51 -> -0.0063424947 | I52: =('Data Saham'!I52-'Data Saham'!I51)/'Data Saham'!I51 -> 0.0090702948 | ... AF52: =('Data Saham'!AF52-'Data Saham'!AF51)/'Data Saham'!AF51 -> 0
A53: 05/28/2025 | B53: =('Data Saham'!B53-'Data Saham'!B52)/'Data Saham'!B52 -> -0.0032157378 | C53: =('Data Saham'!C53-'Data Saham'!C52)/'Data Saham'!C52 -> -0.0052910053 | D53: =('Data Saham'!D53-'Data Saham'!D52)/'Data Saham'!D52 -> 0.018306636 | E53: =('Data Saham'!E53-'Data Saham'!E52)/'Data Saham'!E52 -> -0.018518519 | F53: =('Data Saham'!F53-'Data Saham'!F52)/'Data Saham'!F52 -> -0.0088300221 | G53: =('Data Saham'!G53-'Data Saham'!G52)/'Data Saham'!G52 -> -0.0035335689 | H53: =('Data Saham'!H53-'Data Saham'!H52)/'Data Saham'!H52 -> 0.031914894 | I53: =('Data Saham'!I53-'Data Saham'!I52)/'Data Saham'!I52 -> -0.020224719 | ... AF53: =('Data Saham'!AF53-'Data Saham'!AF52)/'Data Saham'!AF52 -> 0
A54: 45694 | B54: =('Data Saham'!B54-'Data Saham'!B53)/'Data Saham'!B53 -> -0.015433776 | C54: =('Data Saham'!C54-'Data Saham'!C53)/'Data Saham'!C53 -> -0.031914894 | D54: =('Data Saham'!D54-'Data Saham'!D53)/'Data Saham'!D53 -> -0.056179775 | E54: =('Data Saham'!E54-'Data Saham'!E53)/'Data Saham'!E53 -> -0.04245283 | F54: =('Data Saham'!F54-'Data Saham'!F53)/'Data Saham'!F53 -> -0.026726058 | G54: =('Data Saham'!G54-'Data Saham'!G53)/'Data Saham'!G53 -> -0.014184397 | H54: =('Data Saham'!H54-'Data Saham'!H53)/'Data Saham'!H53 -> -0.01443299 | I54: =('Data Saham'!I54-'Data Saham'!I53)/'Data Saham'!I53 -> -0.0091743119 | ... AF54: =('Data Saham'!AF54-'Data Saham'!AF53)/'Data Saham'!AF53 -> -0.010152284
A55: 45722 | B55: =('Data Saham'!B55-'Data Saham'!B54)/'Data Saham'!B54 -> -0.0028662136 | C55: =('Data Saham'!C55-'Data Saham'!C54)/'Data Saham'!C54 -> -0.0054945055 | D55: =('Data Saham'!D55-'Data Saham'!D54)/'Data Saham'!D54 -> 0 | E55: =('Data Saham'!E55-'Data Saham'!E54)/'Data Saham'!E54 -> -0.0049261084 | F55: =('Data Saham'!F55-'Data Saham'!F54)/'Data Saham'!F54 -> 0 | G55: =('Data Saham'!G55-'Data Saham'!G54)/'Data Saham'!G54 -> 0.0071942446 | H55: =('Data Saham'!H55-'Data Saham'!H54)/'Data Saham'!H54 -> -0.016736402 | I55: =('Data Saham'!I55-'Data Saham'!I54)/'Data Saham'!I54 -> -0.016203704 | ... AF55: =('Data Saham'!AF55-'Data Saham'!AF54)/'Data Saham'!AF54 -> 0
A56: 45753 | B56: =('Data Saham'!B56-'Data Saham'!B55)/'Data Saham'!B55 -> 0.0034379871 | C56: =('Data Saham'!C56-'Data Saham'!C55)/'Data Saham'!C55 -> -0.0082872928 | D56: =('Data Saham'!D56-'Data Saham'!D55)/'Data Saham'!D55 -> -0.028571429 | E56: =('Data Saham'!E56-'Data Saham'!E55)/'Data Saham'!E55 -> -0.004950495 | F56: =('Data Saham'!F56-'Data Saham'!F55)/'Data Saham'!F55 -> -0.016018307 | G56: =('Data Saham'!G56-'Data Saham'!G55)/'Data Saham'!G55 -> 0.0071428571 | H56: =('Data Saham'!H56-'Data Saham'!H55)/'Data Saham'!H55 -> -0.019148936 | I56: =('Data Saham'!I56-'Data Saham'!I55)/'Data Saham'!I55 -> 0.018823529 | ... AF56: =('Data Saham'!AF56-'Data Saham'!AF55)/'Data Saham'!AF55 -> 0
A57: 45783 | B57: =('Data Saham'!B57-'Data Saham'!B56)/'Data Saham'!B56 -> 0.0062780802 | C57: =('Data Saham'!C57-'Data Saham'!C56)/'Data Saham'!C56 -> -0.0055710306 | D57: =('Data Saham'!D57-'Data Saham'!D56)/'Data Saham'!D56 -> 0.0049019608 | E57: =('Data Saham'!E57-'Data Saham'!E56)/'Data Saham'!E56 -> 0.0099502488 | F57: =('Data Saham'!F57-'Data Saham'!F56)/'Data Saham'!F56 -> 0.027906977 | G57: =('Data Saham'!G57-'Data Saham'!G56)/'Data Saham'!G56 -> 0.0070921986 | H57: =('Data Saham'!H57-'Data Saham'!H56)/'Data Saham'!H56 -> 0 | I57: =('Data Saham'!I57-'Data Saham'!I56)/'Data Saham'!I56 -> -0.011547344 | ... AF57: =('Data Saham'!AF57-'Data Saham'!AF56)/'Data Saham'!AF56 -> 0.01025641
A58: 45936 | B58: =('Data Saham'!B58-'Data Saham'!B57)/'Data Saham'!B57 -> 0.016494176 | C58: =('Data Saham'!C58-'Data Saham'!C57)/'Data Saham'!C57 -> 0.019607843 | D58: =('Data Saham'!D58-'Data Saham'!D57)/'Data Saham'!D57 -> 0.012195122 | E58: =('Data Saham'!E58-'Data Saham'!E57)/'Data Saham'!E57 -> 0.034482759 | F58: =('Data Saham'!F58-'Data Saham'!F57)/'Data Saham'!F57 -> 0.022624434 | G58: =('Data Saham'!G58-'Data Saham'!G57)/'Data Saham'!G57 -> 0.024647887 | H58: =('Data Saham'!H58-'Data Saham'!H57)/'Data Saham'!H57 -> -0.0021691974 | I58: =('Data Saham'!I58-'Data Saham'!I57)/'Data Saham'!I57 -> -0.0046728972 | ... AF58: =('Data Saham'!AF58-'Data Saham'!AF57)/'Data Saham'!AF57 -> 0.010152284
A59: 45967 | B59: =('Data Saham'!B59-'Data Saham'!B58)/'Data Saham'!B58 -> -0.0011464924 | C59: =('Data Saham'!C59-'Data Saham'!C58)/'Data Saham'!C58 -> -0.0054945055 | D59: =('Data Saham'!D59-'Data Saham'!D58)/'Data Saham'!D58 -> -0.019277108 | E59: =('Data Saham'!E59-'Data Saham'!E58)/'Data Saham'!E58 -> -0.0095238095 | F59: =('Data Saham'!F59-'Data Saham'!F58)/'Data Saham'!F58 -> 0.0044247788 | G59: =('Data Saham'!G59-'Data Saham'!G58)/'Data Saham'!G58 -> -0.037800687 | H59: =('Data Saham'!H59-'Data Saham'!H58)/'Data Saham'!H58 -> 0.002173913 | I59: =('Data Saham'!I59-'Data Saham'!I58)/'Data Saham'!I58 -> 0.0046948357 | ... AF59: =('Data Saham'!AF59-'Data Saham'!AF58)/'Data Saham'!AF58 -> -0.99898995
A60: 45997 | B60: =('Data Saham'!B60-'Data Saham'!B59)/'Data Saham'!B59 -> -0.0025046868 | C60: =('Data Saham'!C60-'Data Saham'!C59)/'Data Saham'!C59 -> 0.0082872928 | D60: =('Data Saham'!D60-'Data Saham'!D59)/'Data Saham'!D59 -> 0 | E60: =('Data Saham'!E60-'Data Saham'!E59)/'Data Saham'!E59 -> -0.0048076923 | F60: =('Data Saham'!F60-'Data Saham'!F59)/'Data Saham'!F59 -> 0 | G60: =('Data Saham'!G60-'Data Saham'!G59)/'Data Saham'!G59 -> -0.0071428571 | H60: =('Data Saham'!H60-'Data Saham'!H59)/'Data Saham'!H59 -> -0.010845987 | I60: =('Data Saham'!I60-'Data Saham'!I59)/'Data Saham'!I59 -> -0.0023364486 | ... AF60: =('Data Saham'!AF60-'Data Saham'!AF59)/'Data Saham'!AF59 -> 969.14925
A61: 06/13/2025 | B61: =('Data Saham'!B61-'Data Saham'!B60)/'Data Saham'!B60 -> -0.0053176058 | C61: =('Data Saham'!C61-'Data Saham'!C60)/'Data Saham'!C60 -> -0.010958904 | D61: =('Data Saham'!D61-'Data Saham'!D60)/'Data Saham'!D60 -> -0.017199017 | E61: =('Data Saham'!E61-'Data Saham'!E60)/'Data Saham'!E60 -> -0.0048309179 | F61: =('Data Saham'!F61-'Data Saham'!F60)/'Data Saham'!F60 -> 0 | G61: =('Data Saham'!G61-'Data Saham'!G60)/'Data Saham'!G60 -> -0.014388489 | H61: =('Data Saham'!H61-'Data Saham'!H60)/'Data Saham'!H60 -> 0.0021929825 | I61: =('Data Saham'!I61-'Data Saham'!I60)/'Data Saham'!I60 -> -0.0070257611 | ... AF61: =('Data Saham'!AF61-'Data Saham'!AF60)/'Data Saham'!AF60 -> 0.015384615
A62: 06/16/2025 | B62: =('Data Saham'!B62-'Data Saham'!B61)/'Data Saham'!B61 -> -0.0067638284 | C62: =('Data Saham'!C62-'Data Saham'!C61)/'Data Saham'!C61 -> -0.011080332 | D62: =('Data Saham'!D62-'Data Saham'!D61)/'Data Saham'!D61 -> -0.0025 | E62: =('Data Saham'!E62-'Data Saham'!E61)/'Data Saham'!E61 -> 0 | F62: =('Data Saham'!F62-'Data Saham'!F61)/'Data Saham'!F61 -> -0.030837004 | G62: =('Data Saham'!G62-'Data Saham'!G61)/'Data Saham'!G61 -> 0 | H62: =('Data Saham'!H62-'Data Saham'!H61)/'Data Saham'!H61 -> 0.0087527352 | I62: =('Data Saham'!I62-'Data Saham'!I61)/'Data Saham'!I61 -> -0.0023584906 | ... AF62: =('Data Saham'!AF62-'Data Saham'!AF61)/'Data Saham'!AF61 -> -0.03030303
A63: 06/17/2025 | B63: =('Data Saham'!B63-'Data Saham'!B62)/'Data Saham'!B62 -> 0.005375415 | C63: =('Data Saham'!C63-'Data Saham'!C62)/'Data Saham'!C62 -> 0.016806723 | D63: =('Data Saham'!D63-'Data Saham'!D62)/'Data Saham'!D62 -> -0.007518797 | E63: =('Data Saham'!E63-'Data Saham'!E62)/'Data Saham'!E62 -> -0.0097087379 | F63: =('Data Saham'!F63-'Data Saham'!F62)/'Data Saham'!F62 -> -0.0090909091 | G63: =('Data Saham'!G63-'Data Saham'!G62)/'Data Saham'!G62 -> 0.0072992701 | H63: =('Data Saham'!H63-'Data Saham'!H62)/'Data Saham'!H62 -> -0.0021691974 | I63: =('Data Saham'!I63-'Data Saham'!I62)/'Data Saham'!I62 -> 0.0047281324 | ... AF63: =('Data Saham'!AF63-'Data Saham'!AF62)/'Data Saham'!AF62 -> 0.03125
A64: 06/18/2025 | B64: =('Data Saham'!B64-'Data Saham'!B63)/'Data Saham'!B63 -> -0.0067161833 | C64: =('Data Saham'!C64-'Data Saham'!C63)/'Data Saham'!C63 -> -0.019283747 | D64: =('Data Saham'!D64-'Data Saham'!D63)/'Data Saham'!D63 -> -0.0050505051 | E64: =('Data Saham'!E64-'Data Saham'!E63)/'Data Saham'!E63 -> -0.0049019608 | F64: =('Data Saham'!F64-'Data Saham'!F63)/'Data Saham'!F63 -> -0.013761468 | G64: =('Data Saham'!G64-'Data Saham'!G63)/'Data Saham'!G63 -> 0.0036231884 | H64: =('Data Saham'!H64-'Data Saham'!H63)/'Data Saham'!H63 -> -0.002173913 | I64: =('Data Saham'!I64-'Data Saham'!I63)/'Data Saham'!I63 -> 0.0023529412 | ... AF64: =('Data Saham'!AF64-'Data Saham'!AF63)/'Data Saham'!AF63 -> -0.02020202
A65: 06/19/2025 | B65: =('Data Saham'!B65-'Data Saham'!B64)/'Data Saham'!B64 -> -0.019577112 | C65: =('Data Saham'!C65-'Data Saham'!C64)/'Data Saham'!C64 -> -0.014044944 | D65: =('Data Saham'!D65-'Data Saham'!D64)/'Data Saham'!D64 -> -0.035532995 | E65: =('Data Saham'!E65-'Data Saham'!E64)/'Data Saham'!E64 -> -0.020689655 | F65: =('Data Saham'!F65-'Data Saham'!F64)/'Data Saham'!F64 -> -0.039534884 | G65: =('Data Saham'!G65-'Data Saham'!G64)/'Data Saham'!G64 -> -0.028880866 | H65: =('Data Saham'!H65-'Data Saham'!H64)/'Data Saham'!H64 -> -0.013071895 | I65: =('Data Saham'!I65-'Data Saham'!I64)/'Data Saham'!I64 -> -0.018779343 | ... AF65: =('Data Saham'!AF65-'Data Saham'!AF64)/'Data Saham'!AF64 -> 0
A66: 06/20/2025 | B66: =('Data Saham'!B66-'Data Saham'!B65)/'Data Saham'!B65 -> -0.0088252514 | C66: =('Data Saham'!C66-'Data Saham'!C65)/'Data Saham'!C65 -> -0.0085470085 | D66: =('Data Saham'!D66-'Data Saham'!D65)/'Data Saham'!D65 -> -0.0026315789 | E66: =('Data Saham'!E66-'Data Saham'!E65)/'Data Saham'!E65 -> -0.0080482897 | F66: =('Data Saham'!F66-'Data Saham'!F65)/'Data Saham'!F65 -> -0.004842615 | G66: =('Data Saham'!G66-'Data Saham'!G65)/'Data Saham'!G65 -> -0.018587361 | H66: =('Data Saham'!H66-'Data Saham'!H65)/'Data Saham'!H65 -> -0.0088300221 | I66: =('Data Saham'!I66-'Data Saham'!I65)/'Data Saham'!I65 -> -0.0023923445 | ... AF66: =('Data Saham'!AF66-'Data Saham'!AF65)/'Data Saham'!AF65 -> -0.010309278
A67: 06/23/2025 | B67: =('Data Saham'!B67-'Data Saham'!B66)/'Data Saham'!B66 -> -0.017373327 | C67: =('Data Saham'!C67-'Data Saham'!C66)/'Data Saham'!C66 -> -0.0086206897 | D67: =('Data Saham'!D67-'Data Saham'!D66)/'Data Saham'!D66 -> -0.018469657 | E67: =('Data Saham'!E67-'Data Saham'!E66)/'Data Saham'!E66 -> -0.0020283976 | F67: =('Data Saham'!F67-'Data Saham'!F66)/'Data Saham'!F66 -> -0.01216545 | G67: =('Data Saham'!G67-'Data Saham'!G66)/'Data Saham'!G66 -> -0.022727273 | H67: =('Data Saham'!H67-'Data Saham'!H66)/'Data Saham'!H66 -> -0.013363029 | I67: =('Data Saham'!I67-'Data Saham'!I66)/'Data Saham'!I66 -> -0.045563549 | ... AF67: =('Data Saham'!AF67-'Data Saham'!AF66)/'Data Saham'!AF66 -> -0.083333333
A68: 06/24/2025 | B68: =('Data Saham'!B68-'Data Saham'!B67)/'Data Saham'!B67 -> 0.012086092 | C68: =('Data Saham'!C68-'Data Saham'!C67)/'Data Saham'!C67 -> 0.017391304 | D68: =('Data Saham'!D68-'Data Saham'!D67)/'Data Saham'!D67 -> 0.016129032 | E68: =('Data Saham'!E68-'Data Saham'!E67)/'Data Saham'!E67 -> 0.021341463 | F68: =('Data Saham'!F68-'Data Saham'!F67)/'Data Saham'!F67 -> 0.019704433 | G68: =('Data Saham'!G68-'Data Saham'!G67)/'Data Saham'!G67 -> 0.003875969 | H68: =('Data Saham'!H68-'Data Saham'!H67)/'Data Saham'!H67 -> 0.0090293454 | I68: =('Data Saham'!I68-'Data Saham'!I67)/'Data Saham'!I67 -> 0.027638191 | ... AF68: =('Data Saham'!AF68-'Data Saham'!AF67)/'Data Saham'!AF67 -> 0.079545455
A69: 06/25/2025 | B69: =('Data Saham'!B69-'Data Saham'!B68)/'Data Saham'!B68 -> -0.0053907532 | C69: =('Data Saham'!C69-'Data Saham'!C68)/'Data Saham'!C68 -> -0.01994302 | D69: =('Data Saham'!D69-'Data Saham'!D68)/'Data Saham'!D68 -> -0.0052910053 | E69: =('Data Saham'!E69-'Data Saham'!E68)/'Data Saham'!E68 -> -0.028855721 | F69: =('Data Saham'!F69-'Data Saham'!F68)/'Data Saham'!F68 -> -0.0072463768 | G69: =('Data Saham'!G69-'Data Saham'!G68)/'Data Saham'!G68 -> 0.011583012 | H69: =('Data Saham'!H69-'Data Saham'!H68)/'Data Saham'!H68 -> 0 | I69: =('Data Saham'!I69-'Data Saham'!I68)/'Data Saham'!I68 -> 0 | ... AF69: =('Data Saham'!AF69-'Data Saham'!AF68)/'Data Saham'!AF68 -> -0.026315789
A70: 06/26/2025 | B70: =('Data Saham'!B70-'Data Saham'!B69)/'Data Saham'!B69 -> 0.009551912 | C70: =('Data Saham'!C70-'Data Saham'!C69)/'Data Saham'!C69 -> 0.0058139535 | D70: =('Data Saham'!D70-'Data Saham'!D69)/'Data Saham'!D69 -> 0.018617021 | E70: =('Data Saham'!E70-'Data Saham'!E69)/'Data Saham'!E69 -> 0.029713115 | F70: =('Data Saham'!F70-'Data Saham'!F69)/'Data Saham'!F69 -> 0.00243309 | G70: =('Data Saham'!G70-'Data Saham'!G69)/'Data Saham'!G69 -> 0.034351145 | H70: =('Data Saham'!H70-'Data Saham'!H69)/'Data Saham'!H69 -> -0.0044742729 | I70: =('Data Saham'!I70-'Data Saham'!I69)/'Data Saham'!I69 -> -0.0073349633 | ... AF70: =('Data Saham'!AF70-'Data Saham'!AF69)/'Data Saham'!AF69 -> 0.032432432
A71: 06/30/2025 | B71: =('Data Saham'!B71-'Data Saham'!B70)/'Data Saham'!B70 -> 0.00439006 | C71: =('Data Saham'!C71-'Data Saham'!C70)/'Data Saham'!C70 -> 0.0028901734 | D71: =('Data Saham'!D71-'Data Saham'!D70)/'Data Saham'!D70 -> -0.023498695 | E71: =('Data Saham'!E71-'Data Saham'!E70)/'Data Saham'!E70 -> -0.028855721 | F71: =('Data Saham'!F71-'Data Saham'!F70)/'Data Saham'!F70 -> 0 | G71: =('Data Saham'!G71-'Data Saham'!G70)/'Data Saham'!G70 -> 0.025830258 | H71: =('Data Saham'!H71-'Data Saham'!H70)/'Data Saham'!H70 -> 0.011235955 | I71: =('Data Saham'!I71-'Data Saham'!I70)/'Data Saham'!I70 -> 0.034482759 | ... AF71: =('Data Saham'!AF71-'Data Saham'!AF70)/'Data Saham'!AF70 -> 0
A72: 45664 | B72: =('Data Saham'!B72-'Data Saham'!B71)/'Data Saham'!B71 -> -0.0017783731 | C72: =('Data Saham'!C72-'Data Saham'!C71)/'Data Saham'!C71 -> 0.0028818444 | D72: =('Data Saham'!D72-'Data Saham'!D71)/'Data Saham'!D71 -> -0.010695187 | E72: =('Data Saham'!E72-'Data Saham'!E71)/'Data Saham'!E71 -> -0.026639344 | F72: =('Data Saham'!F72-'Data Saham'!F71)/'Data Saham'!F71 -> -0.026699029 | G72: =('Data Saham'!G72-'Data Saham'!G71)/'Data Saham'!G71 -> 0.010791367 | H72: =('Data Saham'!H72-'Data Saham'!H71)/'Data Saham'!H71 -> -0.011111111 | I72: =('Data Saham'!I72-'Data Saham'!I71)/'Data Saham'!I71 -> 0.011904762 | ... AF72: =('Data Saham'!AF72-'Data Saham'!AF71)/'Data Saham'!AF71 -> 0.010471204
A73: 45695 | B73: =('Data Saham'!B73-'Data Saham'!B72)/'Data Saham'!B72 -> -0.0049324981 | C73: =('Data Saham'!C73-'Data Saham'!C72)/'Data Saham'!C72 -> -0.0028735632 | D73: =('Data Saham'!D73-'Data Saham'!D72)/'Data Saham'!D72 -> -0.0054054054 | E73: =('Data Saham'!E73-'Data Saham'!E72)/'Data Saham'!E72 -> 0.0042105263 | F73: =('Data Saham'!F73-'Data Saham'!F72)/'Data Saham'!F72 -> 0.0024937656 | G73: =('Data Saham'!G73-'Data Saham'!G72)/'Data Saham'!G72 -> -0.010676157 | H73: =('Data Saham'!H73-'Data Saham'!H72)/'Data Saham'!H72 -> 0.020224719 | I73: =('Data Saham'!I73-'Data Saham'!I72)/'Data Saham'!I72 -> -0.011764706 | ... AF73: =('Data Saham'!AF73-'Data Saham'!AF72)/'Data Saham'!AF72 -> -0.010362694
A74: 45723 | B74: =('Data Saham'!B74-'Data Saham'!B73)/'Data Saham'!B73 -> -0.00046503179 | C74: =('Data Saham'!C74-'Data Saham'!C73)/'Data Saham'!C73 -> -0.0086455331 | D74: =('Data Saham'!D74-'Data Saham'!D73)/'Data Saham'!D73 -> 0 | E74: =('Data Saham'!E74-'Data Saham'!E73)/'Data Saham'!E73 -> -0.0062893082 | F74: =('Data Saham'!F74-'Data Saham'!F73)/'Data Saham'!F73 -> -0.012437811 | G74: =('Data Saham'!G74-'Data Saham'!G73)/'Data Saham'!G73 -> -0.025179856 | H74: =('Data Saham'!H74-'Data Saham'!H73)/'Data Saham'!H73 -> 0.0066079295 | I74: =('Data Saham'!I74-'Data Saham'!I73)/'Data Saham'!I73 -> 0.023809524 | ... AF74: =('Data Saham'!AF74-'Data Saham'!AF73)/'Data Saham'!AF73 -> 0.020942408
A75: 45754 | B75: =('Data Saham'!B75-'Data Saham'!B74)/'Data Saham'!B74 -> -0.001869716 | C75: =('Data Saham'!C75-'Data Saham'!C74)/'Data Saham'!C74 -> 0.0058139535 | D75: =('Data Saham'!D75-'Data Saham'!D74)/'Data Saham'!D74 -> -0.0027173913 | E75: =('Data Saham'!E75-'Data Saham'!E74)/'Data Saham'!E74 -> 0 | F75: =('Data Saham'!F75-'Data Saham'!F74)/'Data Saham'!F74 -> 0.0075566751 | G75: =('Data Saham'!G75-'Data Saham'!G74)/'Data Saham'!G74 -> -0.029520295 | H75: =('Data Saham'!H75-'Data Saham'!H74)/'Data Saham'!H74 -> 0.010940919 | I75: =('Data Saham'!I75-'Data Saham'!I74)/'Data Saham'!I74 -> -0.0093023256 | ... AF75: =('Data Saham'!AF75-'Data Saham'!AF74)/'Data Saham'!AF74 -> 0.01025641
A76: 45845 | B76: =('Data Saham'!B76-'Data Saham'!B75)/'Data Saham'!B75 -> 0.0052059739 | C76: =('Data Saham'!C76-'Data Saham'!C75)/'Data Saham'!C75 -> -0.0028901734 | D76: =('Data Saham'!D76-'Data Saham'!D75)/'Data Saham'!D75 -> 0.0081743869 | E76: =('Data Saham'!E76-'Data Saham'!E75)/'Data Saham'!E75 -> 0 | F76: =('Data Saham'!F76-'Data Saham'!F75)/'Data Saham'!F75 -> 0 | G76: =('Data Saham'!G76-'Data Saham'!G75)/'Data Saham'!G75 -> 0.02661597 | H76: =('Data Saham'!H76-'Data Saham'!H75)/'Data Saham'!H75 -> 0.012987013 | I76: =('Data Saham'!I76-'Data Saham'!I75)/'Data Saham'!I75 -> -0.014084507 | ... AF76: =('Data Saham'!AF76-'Data Saham'!AF75)/'Data Saham'!AF75 -> -0.0050761421
A77: 45876 | B77: =('Data Saham'!B77-'Data Saham'!B76)/'Data Saham'!B76 -> 0.0005013817 | C77: =('Data Saham'!C77-'Data Saham'!C76)/'Data Saham'!C76 -> -0.014492754 | D77: =('Data Saham'!D77-'Data Saham'!D76)/'Data Saham'!D76 -> -0.0081081081 | E77: =('Data Saham'!E77-'Data Saham'!E76)/'Data Saham'!E76 -> -0.0042194093 | F77: =('Data Saham'!F77-'Data Saham'!F76)/'Data Saham'!F76 -> -0.0075 | G77: =('Data Saham'!G77-'Data Saham'!G76)/'Data Saham'!G76 -> -0.018518519 | H77: =('Data Saham'!H77-'Data Saham'!H76)/'Data Saham'!H76 -> -0.0042735043 | I77: =('Data Saham'!I77-'Data Saham'!I76)/'Data Saham'!I76 -> 0 | ... AF77: =('Data Saham'!AF77-'Data Saham'!AF76)/'Data Saham'!AF76 -> -0.020408163
A78: 45907 | B78: =('Data Saham'!B78-'Data Saham'!B77)/'Data Saham'!B77 -> 0.0057253429 | C78: =('Data Saham'!C78-'Data Saham'!C77)/'Data Saham'!C77 -> 0 | D78: =('Data Saham'!D78-'Data Saham'!D77)/'Data Saham'!D77 -> 0.0027247956 | E78: =('Data Saham'!E78-'Data Saham'!E77)/'Data Saham'!E77 -> -0.0021186441 | F78: =('Data Saham'!F78-'Data Saham'!F77)/'Data Saham'!F77 -> 0.0075566751 | G78: =('Data Saham'!G78-'Data Saham'!G77)/'Data Saham'!G77 -> 0.0075471698 | H78: =('Data Saham'!H78-'Data Saham'!H77)/'Data Saham'!H77 -> 0.012875536 | I78: =('Data Saham'!I78-'Data Saham'!I77)/'Data Saham'!I77 -> 0.0023809524 | ... AF78: =('Data Saham'!AF78-'Data Saham'!AF77)/'Data Saham'!AF77 -> 0.015625
A79: 45937 | B79: =('Data Saham'!B79-'Data Saham'!B78)/'Data Saham'!B78 -> 0.0088494683 | C79: =('Data Saham'!C79-'Data Saham'!C78)/'Data Saham'!C78 -> 0.011764706 | D79: =('Data Saham'!D79-'Data Saham'!D78)/'Data Saham'!D78 -> 0.051630435 | E79: =('Data Saham'!E79-'Data Saham'!E78)/'Data Saham'!E78 -> 0.023354565 | F79: =('Data Saham'!F79-'Data Saham'!F78)/'Data Saham'!F78 -> 0.0275 | G79: =('Data Saham'!G79-'Data Saham'!G78)/'Data Saham'!G78 -> 0.0074906367 | H79: =('Data Saham'!H79-'Data Saham'!H78)/'Data Saham'!H78 -> -0.0084745763 | I79: =('Data Saham'!I79-'Data Saham'!I78)/'Data Saham'!I78 -> -0.0071258907 | ... AF79: =('Data Saham'!AF79-'Data Saham'!AF78)/'Data Saham'!AF78 -> 0.0051282051
A80: 45968 | B80: =('Data Saham'!B80-'Data Saham'!B79)/'Data Saham'!B79 -> 0.006005393 | C80: =('Data Saham'!C80-'Data Saham'!C79)/'Data Saham'!C79 -> 0.0029069767 | D80: =('Data Saham'!D80-'Data Saham'!D79)/'Data Saham'!D79 -> 0.0025839793 | E80: =('Data Saham'!E80-'Data Saham'!E79)/'Data Saham'!E79 -> 0.031120332 | F80: =('Data Saham'!F80-'Data Saham'!F79)/'Data Saham'!F79 -> 0.01703163 | G80: =('Data Saham'!G80-'Data Saham'!G79)/'Data Saham'!G79 -> 0.014869888 | H80: =('Data Saham'!H80-'Data Saham'!H79)/'Data Saham'!H79 -> 0.0064102564 | I80: =('Data Saham'!I80-'Data Saham'!I79)/'Data Saham'!I79 -> -0.011961722 | ... AF80: =('Data Saham'!AF80-'Data Saham'!AF79)/'Data Saham'!AF79 -> 0
A81: 07/14/2025 | B81: =('Data Saham'!B81-'Data Saham'!B80)/'Data Saham'!B80 -> 0.0070536251 | C81: =('Data Saham'!C81-'Data Saham'!C80)/'Data Saham'!C80 -> -0.011594203 | D81: =('Data Saham'!D81-'Data Saham'!D80)/'Data Saham'!D80 -> -0.025773196 | E81: =('Data Saham'!E81-'Data Saham'!E80)/'Data Saham'!E80 -> -0.056338028 | F81: =('Data Saham'!F81-'Data Saham'!F80)/'Data Saham'!F80 -> -0.033492823 | G81: =('Data Saham'!G81-'Data Saham'!G80)/'Data Saham'!G80 -> -0.014652015 | H81: =('Data Saham'!H81-'Data Saham'!H80)/'Data Saham'!H80 -> -0.0021231423 | I81: =('Data Saham'!I81-'Data Saham'!I80)/'Data Saham'!I80 -> 0.0072639225 | ... AF81: =('Data Saham'!AF81-'Data Saham'!AF80)/'Data Saham'!AF80 -> -0.045918367
A82: 07/15/2025 | B82: =('Data Saham'!B82-'Data Saham'!B81)/'Data Saham'!B81 -> 0.0061038586 | C82: =('Data Saham'!C82-'Data Saham'!C81)/'Data Saham'!C81 -> 0.0029325513 | D82: =('Data Saham'!D82-'Data Saham'!D81)/'Data Saham'!D81 -> 0.026455026 | E82: =('Data Saham'!E82-'Data Saham'!E81)/'Data Saham'!E81 -> 0.0021321962 | F82: =('Data Saham'!F82-'Data Saham'!F81)/'Data Saham'!F81 -> 0.0024752475 | G82: =('Data Saham'!G82-'Data Saham'!G81)/'Data Saham'!G81 -> -0.018587361 | H82: =('Data Saham'!H82-'Data Saham'!H81)/'Data Saham'!H81 -> 0 | I82: =('Data Saham'!I82-'Data Saham'!I81)/'Data Saham'!I81 -> 0 | ... AF82: =('Data Saham'!AF82-'Data Saham'!AF81)/'Data Saham'!AF81 -> 0.048128342
A83: 07/16/2025 | B83: =('Data Saham'!B83-'Data Saham'!B82)/'Data Saham'!B82 -> 0.0072194127 | C83: =('Data Saham'!C83-'Data Saham'!C82)/'Data Saham'!C82 -> -0.0029239766 | D83: =('Data Saham'!D83-'Data Saham'!D82)/'Data Saham'!D82 -> 0 | E83: =('Data Saham'!E83-'Data Saham'!E82)/'Data Saham'!E82 -> -0.0021276596 | F83: =('Data Saham'!F83-'Data Saham'!F82)/'Data Saham'!F82 -> 0.019753086 | G83: =('Data Saham'!G83-'Data Saham'!G82)/'Data Saham'!G82 -> 0.0037878788 | H83: =('Data Saham'!H83-'Data Saham'!H82)/'Data Saham'!H82 -> 0.010638298 | I83: =('Data Saham'!I83-'Data Saham'!I82)/'Data Saham'!I82 -> -0.0048076923 | ... AF83: =('Data Saham'!AF83-'Data Saham'!AF82)/'Data Saham'!AF82 -> 0.0051020408
A84: 07/17/2025 | B84: =('Data Saham'!B84-'Data Saham'!B83)/'Data Saham'!B83 -> 0.013209085 | C84: =('Data Saham'!C84-'Data Saham'!C83)/'Data Saham'!C83 -> 0 | D84: =('Data Saham'!D84-'Data Saham'!D83)/'Data Saham'!D83 -> 0.0025773196 | E84: =('Data Saham'!E84-'Data Saham'!E83)/'Data Saham'!E83 -> 0.0063965885 | F84: =('Data Saham'!F84-'Data Saham'!F83)/'Data Saham'!F83 -> -0.004842615 | G84: =('Data Saham'!G84-'Data Saham'!G83)/'Data Saham'!G83 -> 0.045283019 | H84: =('Data Saham'!H84-'Data Saham'!H83)/'Data Saham'!H83 -> 0.0084210526 | I84: =('Data Saham'!I84-'Data Saham'!I83)/'Data Saham'!I83 -> 0 | ... AF84: =('Data Saham'!AF84-'Data Saham'!AF83)/'Data Saham'!AF83 -> -0.0050761421
A85: 07/18/2025 | B85: =('Data Saham'!B85-'Data Saham'!B84)/'Data Saham'!B84 -> 0.0034170347 | C85: =('Data Saham'!C85-'Data Saham'!C84)/'Data Saham'!C84 -> -0.011730205 | D85: =('Data Saham'!D85-'Data Saham'!D84)/'Data Saham'!D84 -> -0.0077120823 | E85: =('Data Saham'!E85-'Data Saham'!E84)/'Data Saham'!E84 -> 0.0042372881 | F85: =('Data Saham'!F85-'Data Saham'!F84)/'Data Saham'!F84 -> 0.00243309 | G85: =('Data Saham'!G85-'Data Saham'!G84)/'Data Saham'!G84 -> 0 | H85: =('Data Saham'!H85-'Data Saham'!H84)/'Data Saham'!H84 -> -0.0083507307 | I85: =('Data Saham'!I85-'Data Saham'!I84)/'Data Saham'!I84 -> 0.0048309179 | ... AF85: =('Data Saham'!AF85-'Data Saham'!AF84)/'Data Saham'!AF84 -> 0
A86: 07/21/2025 | B86: =('Data Saham'!B86-'Data Saham'!B85)/'Data Saham'!B85 -> 0.011798543 | C86: =('Data Saham'!C86-'Data Saham'!C85)/'Data Saham'!C85 -> 0.0029673591 | D86: =('Data Saham'!D86-'Data Saham'!D85)/'Data Saham'!D85 -> -0.0077720207 | E86: =('Data Saham'!E86-'Data Saham'!E85)/'Data Saham'!E85 -> -0.012658228 | F86: =('Data Saham'!F86-'Data Saham'!F85)/'Data Saham'!F85 -> -0.012135922 | G86: =('Data Saham'!G86-'Data Saham'!G85)/'Data Saham'!G85 -> 0.010830325 | H86: =('Data Saham'!H86-'Data Saham'!H85)/'Data Saham'!H85 -> 0.0021052632 | I86: =('Data Saham'!I86-'Data Saham'!I85)/'Data Saham'!I85 -> 0.0096153846 | ... AF86: =('Data Saham'!AF86-'Data Saham'!AF85)/'Data Saham'!AF85 -> -0.040816327
A87: 07/22/2025 | B87: =('Data Saham'!B87-'Data Saham'!B86)/'Data Saham'!B86 -> -0.0072247401 | C87: =('Data Saham'!C87-'Data Saham'!C86)/'Data Saham'!C86 -> -0.0059171598 | D87: =('Data Saham'!D87-'Data Saham'!D86)/'Data Saham'!D86 -> 0.0026109661 | E87: =('Data Saham'!E87-'Data Saham'!E86)/'Data Saham'!E86 -> -0.0042735043 | F87: =('Data Saham'!F87-'Data Saham'!F86)/'Data Saham'!F86 -> -0.0049140049 | G87: =('Data Saham'!G87-'Data Saham'!G86)/'Data Saham'!G86 -> 0.017857143 | H87: =('Data Saham'!H87-'Data Saham'!H86)/'Data Saham'!H86 -> -0.014705882 | I87: =('Data Saham'!I87-'Data Saham'!I86)/'Data Saham'!I86 -> -0.014285714 | ... AF87: =('Data Saham'!AF87-'Data Saham'!AF86)/'Data Saham'!AF86 -> 0
A88: 07/23/2025 | B88: =('Data Saham'!B88-'Data Saham'!B87)/'Data Saham'!B87 -> 0.016949545 | C88: =('Data Saham'!C88-'Data Saham'!C87)/'Data Saham'!C87 -> 0.0029761905 | D88: =('Data Saham'!D88-'Data Saham'!D87)/'Data Saham'!D87 -> -0.010416667 | E88: =('Data Saham'!E88-'Data Saham'!E87)/'Data Saham'!E87 -> 0.0042918455 | F88: =('Data Saham'!F88-'Data Saham'!F87)/'Data Saham'!F87 -> 0.012345679 | G88: =('Data Saham'!G88-'Data Saham'!G87)/'Data Saham'!G87 -> 0 | H88: =('Data Saham'!H88-'Data Saham'!H87)/'Data Saham'!H87 -> 0.0554371 | I88: =('Data Saham'!I88-'Data Saham'!I87)/'Data Saham'!I87 -> 0.0096618357 | ... AF88: =('Data Saham'!AF88-'Data Saham'!AF87)/'Data Saham'!AF87 -> 0.0053191489
A89: 07/24/2025 | B89: =('Data Saham'!B89-'Data Saham'!B88)/'Data Saham'!B88 -> 0.0082565405 | C89: =('Data Saham'!C89-'Data Saham'!C88)/'Data Saham'!C88 -> 0.0089020772 | D89: =('Data Saham'!D89-'Data Saham'!D88)/'Data Saham'!D88 -> 0.039473684 | E89: =('Data Saham'!E89-'Data Saham'!E88)/'Data Saham'!E88 -> 0.025641026 | F89: =('Data Saham'!F89-'Data Saham'!F88)/'Data Saham'!F88 -> 0.029268293 | G89: =('Data Saham'!G89-'Data Saham'!G88)/'Data Saham'!G88 -> -0.0035087719 | H89: =('Data Saham'!H89-'Data Saham'!H88)/'Data Saham'!H88 -> 0.02020202 | I89: =('Data Saham'!I89-'Data Saham'!I88)/'Data Saham'!I88 -> -0.009569378 | ... AF89: =('Data Saham'!AF89-'Data Saham'!AF88)/'Data Saham'!AF88 -> -0.010582011
A90: 07/25/2025 | B90: =('Data Saham'!B90-'Data Saham'!B89)/'Data Saham'!B89 -> 0.0016731068 | C90: =('Data Saham'!C90-'Data Saham'!C89)/'Data Saham'!C89 -> -0.0058823529 | D90: =('Data Saham'!D90-'Data Saham'!D89)/'Data Saham'!D89 -> -0.017721519 | E90: =('Data Saham'!E90-'Data Saham'!E89)/'Data Saham'!E89 -> -0.022916667 | F90: =('Data Saham'!F90-'Data Saham'!F89)/'Data Saham'!F89 -> -0.030805687 | G90: =('Data Saham'!G90-'Data Saham'!G89)/'Data Saham'!G89 -> -0.0070422535 | H90: =('Data Saham'!H90-'Data Saham'!H89)/'Data Saham'!H89 -> -0.0099009901 | I90: =('Data Saham'!I90-'Data Saham'!I89)/'Data Saham'!I89 -> 0.019323671 | ... AF90: =('Data Saham'!AF90-'Data Saham'!AF89)/'Data Saham'!AF89 -> 0.0053475936
A91: 07/28/2025 | B91: =('Data Saham'!B91-'Data Saham'!B90)/'Data Saham'!B90 -> 0.009447869 | C91: =('Data Saham'!C91-'Data Saham'!C90)/'Data Saham'!C90 -> 0.0059171598 | D91: =('Data Saham'!D91-'Data Saham'!D90)/'Data Saham'!D90 -> 0.015463918 | E91: =('Data Saham'!E91-'Data Saham'!E90)/'Data Saham'!E90 -> 0.0021321962 | F91: =('Data Saham'!F91-'Data Saham'!F90)/'Data Saham'!F90 -> 0.029339853 | G91: =('Data Saham'!G91-'Data Saham'!G90)/'Data Saham'!G90 -> 0.014184397 | H91: =('Data Saham'!H91-'Data Saham'!H90)/'Data Saham'!H90 -> 0.02 | I91: =('Data Saham'!I91-'Data Saham'!I90)/'Data Saham'!I90 -> -0.030805687 | ... AF91: =('Data Saham'!AF91-'Data Saham'!AF90)/'Data Saham'!AF90 -> 0
A92: 07/29/2025 | B92: =('Data Saham'!B92-'Data Saham'!B91)/'Data Saham'!B91 -> 0.00041235651 | C92: =('Data Saham'!C92-'Data Saham'!C91)/'Data Saham'!C91 -> -0.011764706 | D92: =('Data Saham'!D92-'Data Saham'!D91)/'Data Saham'!D91 -> -0.0050761421 | E92: =('Data Saham'!E92-'Data Saham'!E91)/'Data Saham'!E91 -> 0.0021276596 | F92: =('Data Saham'!F92-'Data Saham'!F91)/'Data Saham'!F91 -> -0.014251781 | G92: =('Data Saham'!G92-'Data Saham'!G91)/'Data Saham'!G91 -> 0.006993007 | H92: =('Data Saham'!H92-'Data Saham'!H91)/'Data Saham'!H91 -> 0 | I92: =('Data Saham'!I92-'Data Saham'!I91)/'Data Saham'!I91 -> -0.02200489 | ... AF92: =('Data Saham'!AF92-'Data Saham'!AF91)/'Data Saham'!AF91 -> 0.010638298
... A94: 07/31/2025 | B94: =('Data Saham'!B94-'Data Saham'!B93)/'Data Saham'!B93 -> -0.0086822457 | C94: =('Data Saham'!C94-'Data Saham'!C93)/'Data Saham'!C93 -> -0.011940299 | D94: =('Data Saham'!D94-'Data Saham'!D93)/'Data Saham'!D93 -> -0.018518519 | E94: =('Data Saham'!E94-'Data Saham'!E93)/'Data Saham'!E93 -> -0.023809524 | F94: =('Data Saham'!F94-'Data Saham'!F93)/'Data Saham'!F93 -> -0.026699029 | G94: =('Data Saham'!G94-'Data Saham'!G93)/'Data Saham'!G93 -> 0 | H94: =('Data Saham'!H94-'Data Saham'!H93)/'Data Saham'!H93 -> -0.0097087379 | I94: =('Data Saham'!I94-'Data Saham'!I93)/'Data Saham'!I93 -> -0.012594458 | ... AF94: =('Data Saham'!AF94-'Data Saham'!AF93)/'Data Saham'!AF93 -> -0.021276596
A95: 45665 | B95: =('Data Saham'!B95-'Data Saham'!B94)/'Data Saham'!B94 -> 0.007138906 | C95: =('Data Saham'!C95-'Data Saham'!C94)/'Data Saham'!C94 -> 0.003021148 | D95: =('Data Saham'!D95-'Data Saham'!D94)/'Data Saham'!D94 -> 0.0080862534 | E95: =('Data Saham'!E95-'Data Saham'!E94)/'Data Saham'!E94 -> 0.0044345898 | F95: =('Data Saham'!F95-'Data Saham'!F94)/'Data Saham'!F94 -> 0 | G95: =('Data Saham'!G95-'Data Saham'!G94)/'Data Saham'!G94 -> 0.034722222 | H95: =('Data Saham'!H95-'Data Saham'!H94)/'Data Saham'!H94 -> -0.019607843 | I95: =('Data Saham'!I95-'Data Saham'!I94)/'Data Saham'!I94 -> 0.010204082 | ... AF95: =('Data Saham'!AF95-'Data Saham'!AF94)/'Data Saham'!AF94 -> -0.02173913
A96: 45755 | B96: =('Data Saham'!B96-'Data Saham'!B95)/'Data Saham'!B95 -> -0.0097004817 | C96: =('Data Saham'!C96-'Data Saham'!C95)/'Data Saham'!C95 -> -0.0030120482 | D96: =('Data Saham'!D96-'Data Saham'!D95)/'Data Saham'!D95 -> -0.0080213904 | E96: =('Data Saham'!E96-'Data Saham'!E95)/'Data Saham'!E95 -> 0.01986755 | F96: =('Data Saham'!F96-'Data Saham'!F95)/'Data Saham'!F95 -> 0 | G96: =('Data Saham'!G96-'Data Saham'!G95)/'Data Saham'!G95 -> 0.016778523 | H96: =('Data Saham'!H96-'Data Saham'!H95)/'Data Saham'!H95 -> 0.005 | I96: =('Data Saham'!I96-'Data Saham'!I95)/'Data Saham'!I95 -> -0.035353535 | ... AF96: =('Data Saham'!AF96-'Data Saham'!AF95)/'Data Saham'!AF95 -> -0.011111111
A97: 45785 | B97: =('Data Saham'!B97-'Data Saham'!B96)/'Data Saham'!B96 -> 0.0067705787 | C97: =('Data Saham'!C97-'Data Saham'!C96)/'Data Saham'!C96 -> 0.018126888 | D97: =('Data Saham'!D97-'Data Saham'!D96)/'Data Saham'!D96 -> 0.0080862534 | E97: =('Data Saham'!E97-'Data Saham'!E96)/'Data Saham'!E96 -> 0.028138528 | F97: =('Data Saham'!F97-'Data Saham'!F96)/'Data Saham'!F96 -> 0.052369077 | G97: =('Data Saham'!G97-'Data Saham'!G96)/'Data Saham'!G96 -> 0 | H97: =('Data Saham'!H97-'Data Saham'!H96)/'Data Saham'!H96 -> 0 | I97: =('Data Saham'!I97-'Data Saham'!I96)/'Data Saham'!I96 -> 0.002617801 | ... AF97: =('Data Saham'!AF97-'Data Saham'!AF96)/'Data Saham'!AF96 -> 0.02247191
A98: 45816 | B98: =('Data Saham'!B98-'Data Saham'!B97)/'Data Saham'!B97 -> -0.0015222503 | C98: =('Data Saham'!C98-'Data Saham'!C97)/'Data Saham'!C97 -> -0.014836795 | D98: =('Data Saham'!D98-'Data Saham'!D97)/'Data Saham'!D97 -> -0.0080213904 | E98: =('Data Saham'!E98-'Data Saham'!E97)/'Data Saham'!E97 -> -0.010526316 | F98: =('Data Saham'!F98-'Data Saham'!F97)/'Data Saham'!F97 -> -0.028436019 | G98: =('Data Saham'!G98-'Data Saham'!G97)/'Data Saham'!G97 -> -0.01320132 | H98: =('Data Saham'!H98-'Data Saham'!H97)/'Data Saham'!H97 -> -0.024875622 | I98: =('Data Saham'!I98-'Data Saham'!I97)/'Data Saham'!I97 -> -0.0026109661 | ... AF98: =('Data Saham'!AF98-'Data Saham'!AF97)/'Data Saham'!AF97 -> 0
A99: 45846 | B99: =('Data Saham'!B99-'Data Saham'!B98)/'Data Saham'!B98 -> -0.0018084291 | C99: =('Data Saham'!C99-'Data Saham'!C98)/'Data Saham'!C98 -> 0 | D99: =('Data Saham'!D99-'Data Saham'!D98)/'Data Saham'!D98 -> 0 | E99: =('Data Saham'!E99-'Data Saham'!E98)/'Data Saham'!E98 -> -0.0042553191 | F99: =('Data Saham'!F99-'Data Saham'!F98)/'Data Saham'!F98 -> 0.0048780488 | G99: =('Data Saham'!G99-'Data Saham'!G98)/'Data Saham'!G98 -> -0.013377926 | H99: =('Data Saham'!H99-'Data Saham'!H98)/'Data Saham'!H98 -> 0.012244898 | I99: =('Data Saham'!I99-'Data Saham'!I98)/'Data Saham'!I98 -> -0.0052356021 | ... AF99: =('Data Saham'!AF99-'Data Saham'!AF98)/'Data Saham'!AF98 -> 0.027472527
A100: 45877 | B100: =('Data Saham'!B100-'Data Saham'!B99)/'Data Saham'!B99 -> 0.0057675516 | C100: =('Data Saham'!C100-'Data Saham'!C99)/'Data Saham'!C99 -> 0 | D100: =('Data Saham'!D100-'Data Saham'!D99)/'Data Saham'!D99 -> -0.0026954178 | E100: =('Data Saham'!E100-'Data Saham'!E99)/'Data Saham'!E99 -> -0.0021367521 | F100: =('Data Saham'!F100-'Data Saham'!F99)/'Data Saham'!F99 -> -0.012135922 | G100: =('Data Saham'!G100-'Data Saham'!G99)/'Data Saham'!G99 -> -0.0033898305 | H100: =('Data Saham'!H100-'Data Saham'!H99)/'Data Saham'!H99 -> -0.0080645161 | I100: =('Data Saham'!I100-'Data Saham'!I99)/'Data Saham'!I99 -> -0.015789474 | ... AF100: =('Data Saham'!AF100-'Data Saham'!AF99)/'Data Saham'!AF99 -> 0.021390374
A101: 45969 | B101: =('Data Saham'!B101-'Data Saham'!B100)/'Data Saham'!B100 -> 0.0096291439 | C101: =('Data Saham'!C101-'Data Saham'!C100)/'Data Saham'!C100 -> 0.030120482 | D101: =('Data Saham'!D101-'Data Saham'!D100)/'Data Saham'!D100 -> 0.02972973 | E101: =('Data Saham'!E101-'Data Saham'!E100)/'Data Saham'!E100 -> 0.010706638 | F101: =('Data Saham'!F101-'Data Saham'!F100)/'Data Saham'!F100 -> 0.031941032 | G101: =('Data Saham'!G101-'Data Saham'!G100)/'Data Saham'!G100 -> 0.017006803 | H101: =('Data Saham'!H101-'Data Saham'!H100)/'Data Saham'!H100 -> -0.0040650407 | I101: =('Data Saham'!I101-'Data Saham'!I100)/'Data Saham'!I100 -> 0.021390374 | ... AF101: =('Data Saham'!AF101-'Data Saham'!AF100)/'Data Saham'!AF100 -> -0.99895288
...

Sheet Korelasi
B1: BBCA | C1: BBRI | D1: BMRI | E1: BBNI | F1: TLKM | G1: ASII | H1: ICBP | I1: INDF | J1: ADRO | K1: ITMG | L1: ANTM | M1: MDKA | N1: PGAS | O1: TOWR | P1: EXCL | Q1: KLBF | R1: CPIN | S1: JPFA | T1: SMGR | U1: UNTR | V1: BRPT | W1: AKRA | X1: AMRT | Y1: ACES | Z1: MAPI | AA1: GOTO | AB1: BUKA | AC1: SMRA | AD1: PWON | AE1: CTRA
A2: BBCA | B2: 1
A3: BBRI | B3: 0.61320874 | C3: 1
A4: BMRI | B4: 0.6083107 | C4: 0.66638713 | D4: 1
A5: BBNI | B5: 0.55972611 | C5: 0.65229944 | D5: 0.65476155 | E5: 1
A6: TLKM | B6: 0.42859283 | C6: 0.30947217 | D6: 0.33728852 | E6: 0.25365075 | F6: 1
A7: ASII | B7: 0.31482483 | C7: 0.32391284 | D7: 0.22867785 | E7: 0.30796412 | F7: 0.12889082 | G7: 1
A8: ICBP | B8: 0.25888129 | C8: 0.16894063 | D8: 0.11683591 | E8: 0.1867646 | F8: 0.17329508 | G8: 0.086478012 | H8: 1
A9: INDF | B9: 0.17596563 | C9: 0.15968326 | D9: 0.088011331 | E9: 0.18519878 | F9: 0.14922204 | G9: 0.10890882 | H9: 0.2857051 | I9: 1
A10: ADRO | B10: 0.31915114 | C10: 0.32082361 | D10: 0.29108506 | E10: 0.21626733 | F10: 0.25302271 | G10: 0.20953256 | H10: 0.16253136 | I10: 0.063383144 | J10: 1
A11: ITMG | B11: 0.3042925 | C11: 0.26119941 | D11: 0.21004756 | E11: 0.27559966 | F11: 0.09331505 | G11: 0.22692028 | H11: 0.16270583 | I11: 0.041481257 | J11: 0.25845552 | K11: 1
A12: ANTM | B12: 0.12164443 | C12: 0.076041213 | D12: 0.013781309 | E12: -0.0072609545 | F12: 0.12136321 | G12: 0.11890222 | H12: 0.11103027 | I12: 0.038305986 | J12: 0.31644354 | K12: 0.13427409 | L12: 1
A13: MDKA | B13: 0.16109978 | C13: 0.07566552 | D13: 0.12046228 | E13: 0.11428679 | F13: 0.093038098 | G13: 0.22813418 | H13: 0.22404599 | I13: 0.16519796 | J13: 0.37144742 | K13: 0.21159391 | L13: 0.57417348 | M13: 1
A14: PGAS | B14: 0.27556296 | C14: 0.28107978 | D14: 0.31957483 | E14: 0.28119421 | F14: 0.26683852 | G14: 0.2255658 | H14: 0.17207095 | I14: 0.11541881 | J14: 0.32121719 | K14: 0.21559172 | L14: 0.20848244 | M14: 0.22051122 | N14: 1
A15: TOWR | B15: 0.30932054 | C15: 0.31098446 | D15: 0.24676909 | E15: 0.21030698 | F15: 0.17306722 | G15: 0.21396937 | H15: 0.28471742 | I15: 0.020691113 | J15: 0.26036611 | K15: 0.27510558 | L15: 0.22583306 | M15: 0.27895292 | N15: 0.18265868 | O15: 1
A16: EXCL | B16: 0.11677029 | C16: 0.18477847 | D16: 0.1347784 | E16: 0.097949655 | F16: 0.31031624 | G16: 0.094149462 | H16: 0.081463924 | I16: 0.0164922 | J16: 0.18105337 | K16: 0.1026179 | L16: 0.14357348 | M16: 0.089805106 | N16: 0.22299811 | O16: 0.17140512 | P16: 1
A17: KLBF | B17: 0.23676599 | C17: 0.20923883 | D17: 0.19750546 | E17: 0.28679211 | F17: 0.1527762 | G17: 0.15267383 | H17: 0.40134943 | I17: 0.16354715 | J17: 0.20066704 | K17: 0.1554733 | L17: 0.14235297 | M17: 0.1473319 | N17: 0.17952328 | O17: 0.16496423 | P17: 0.041269669 | Q17: 1
A18: CPIN | B18: 0.24205425 | C18: 0.25430901 | D18: 0.13673442 | E18: 0.27188449 | F18: 0.179065 | G18: 0.27592296 | H18: 0.30715478 | I18: 0.28336007 | J18: 0.089444354 | K18: 0.18882997 | L18: 0.13086177 | M18: 0.11393042 | N18: 0.079594577 | O18: 0.22836816 | P18: 0.10484145 | Q18: 0.21116513 | R18: 1
A19: JPFA | B19: 0.078536528 | C19: 0.1631591 | D19: 0.087521499 | E19: 0.20057354 | F19: 0.12707533 | G19: 0.13157625 | H19: 0.088937047 | I19: 0.065183182 | J19: 0.062630722 | K19: 0.12697147 | L19: -0.0036535424 | M19: 0.13531475 | N19: 0.12935792 | O19: 0.16372206 | P19: 0.066085555 | Q19: 0.12418045 | R19: 0.34068083 | S19: 1
A20: SMGR | B20: 0.36615677 | C20: 0.33995485 | D20: 0.32694862 | E20: 0.38233605 | F20: 0.30082927 | G20: 0.22338931 | H20: 0.26856353 | I20: 0.16501215 | J20: 0.23826479 | K20: 0.30863002 | L20: 0.11289792 | M20: 0.19090277 | N20: 0.25977027 | O20: 0.17324418 | P20: 0.14649111 | Q20: 0.14404441 | R20: 0.1948757 | S20: 0.1355434 | T20: 1
A21: UNTR | B21: 0.33047604 | C21: 0.28911463 | D21: 0.24558449 | E21: 0.24041324 | F21: 0.15486461 | G21: 0.44337668 | H21: 0.20262244 | I21: 0.056226249 | J21: 0.28081623 | K21: 0.25411858 | L21: 0.28921794 | M21: 0.27593839 | N21: 0.14738791 | O21: 0.22375946 | P21: 0.2286192 | Q21: 0.18174015 | R21: 0.24623522 | S21: 0.1489168 | T21: 0.23316548 | U21: 1
A22: BRPT | B22: 0.1302875 | C22: 0.18008007 | D22: 0.11794029 | E22: 0.056770541 | F22: 0.1318139 | G22: 0.076035824 | H22: 0.098051056 | I22: 0.090483589 | J22: 0.1391771 | K22: 0.14918468 | L22: 0.16695752 | M22: 0.20948715 | N22: 0.11327064 | O22: 0.10885631 | P22: 0.29484351 | Q22: 0.094952175 | R22: 0.031294319 | S22: 0.13974212 | T22: 0.078045569 | U22: 0.19957672 | V22: 1
A23: AKRA | B23: 0.29305581 | C23: 0.33418407 | D23: 0.31912504 | E23: 0.29659872 | F23: 0.17265683 | G23: 0.22586088 | H23: 0.24620616 | I23: 0.22537499 | J23: 0.17581768 | K23: 0.17271262 | L23: 0.24709764 | M23: 0.33507369 | N23: 0.1871594 | O23: 0.28423162 | P23: 0.19456299 | Q23: 0.20235695 | R23: 0.11058003 | S23: 0.1693457 | T23: 0.22521396 | U23: 0.32737757 | V23: 0.18624265 | W23: 1
A24: AMRT | B24: 0.25026694 | C24: 0.17800615 | D24: 0.31405475 | E24: 0.3509611 | F24: 0.23885995 | G24: 0.066469517 | H24: 0.25881329 | I24: 0.20539076 | J24: 0.10673928 | K24: 0.12721002 | L24: 0.052359417 | M24: 0.12473661 | N24: 0.15967068 | O24: 0.1884973 | P24: 0.083034095 | Q24: 0.20369379 | R24: 0.20477385 | S24: 0.14986846 | T24: 0.15960163 | U24: 0.14183173 | V24: 0.1491873 | W24: 0.27633173 | X24: 1
A25: ACES | B25: 0.35195768 | C25: 0.37702893 | D25: 0.30673186 | E25: 0.36091526 | F25: 0.27061028 | G25: 0.23465894 | H25: 0.20350762 | I25: 0.14412693 | J25: 0.23065222 | K25: 0.24490816 | L25: 0.13509359 | M25: 0.15812415 | N25: 0.22682745 | O25: 0.24391274 | P25: 0.12287881 | Q25: 0.094736064 | R25: 0.28102826 | S25: 0.19023152 | T25: 0.35486849 | U25: 0.2695737 | V25: 0.18966799 | W25: 0.24948691 | X25: 0.28082245 | Y25: 1
A26: MAPI | B26: 0.34437997 | C26: 0.31858208 | D26: 0.29434405 | E26: 0.26421136 | F26: 0.24780371 | G26: 0.11189966 | H26: 0.44678282 | I26: 0.21907141 | J26: 0.23636964 | K26: 0.26443587 | L26: 0.22920438 | M26: 0.25218583 | N26: 0.25208143 | O26: 0.28297907 | P26: 0.16219767 | Q26: 0.27929566 | R26: 0.2837336 | S26: 0.11818595 | T26: 0.26247028 | U26: 0.29564815 | V26: 0.25523658 | W26: 0.3970947 | X26: 0.28682572 | Y26: 0.36511013 | Z26: 1
A27: GOTO | B27: 0.24545558 | C27: 0.21663211 | D27: 0.23177986 | E27: 0.19940815 | F27: 0.18697411 | G27: 0.10728258 | H27: 0.2390783 | I27: 0.15123639 | J27: 0.18759208 | K27: 0.16808325 | L27: 0.15457372 | M27: 0.24037548 | N27: 0.10590609 | O27: 0.13143983 | P27: 0.17198488 | Q27: 0.094828247 | R27: 0.28257021 | S27: 0.1684329 | T27: 0.18225059 | U27: 0.1953473 | V27: 0.11494485 | W27: 0.25211039 | X27: 0.17244055 | Y27: 0.27013165 | Z27: 0.33774413 | AA27: 1
A28: BUKA | B28: 0.218377 | C28: 0.18032378 | D28: 0.19458521 | E28: 0.1641774 | F28: 0.14480865 | G28: 0.18782049 | H28: 0.2081997 | I28: 0.101866 | J28: 0.19992265 | K28: 0.13372545 | L28: 0.16668028 | M28: 0.24344488 | N28: 0.16865538 | O28: 0.21734613 | P28: 0.22056494 | Q28: 0.11357569 | R28: 0.17546555 | S28: 0.10468115 | T28: 0.21296662 | U28: 0.32688978 | V28: 0.25753113 | W28: 0.18408909 | X28: 0.06263875 | Y28: 0.19592253 | Z28: 0.22928215 | AA28: 0.23668988 | AB28: 1
A29: SMRA | B29: 0.47368324 | C29: 0.40710683 | D29: 0.35419075 | E29: 0.39766402 | F29: 0.22976492 | G29: 0.28626412 | H29: 0.28359878 | I29: 0.14962515 | J29: 0.3539346 | K29: 0.28310491 | L29: 0.27803815 | M29: 0.3659583 | N29: 0.22506503 | O29: 0.38560584 | P29: 0.17321761 | Q29: 0.23665787 | R29: 0.29674071 | S29: 0.18570454 | T29: 0.36452718 | U29: 0.32140029 | V29: 0.16503644 | W29: 0.34217744 | X29: 0.22921415 | Y29: 0.33348987 | Z29: 0.3739428 | AA29: 0.3041949 | AB29: 0.32185981 | AC29: 1
A30: PWON | B30: 0.41877849 | C30: 0.39030198 | D30: 0.32843055 | E30: 0.43440927 | F30: 0.21661428 | G30: 0.21996269 | H30: 0.22966232 | I30: 0.21295441 | J30: 0.30163377 | K30: 0.29943625 | L30: 0.23519144 | M30: 0.254329 | N30: 0.22458755 | O30: 0.33643047 | P30: 0.091927517 | Q30: 0.2164839 | R30: 0.24118455 | S30: 0.10139759 | T30: 0.37011506 | U30: 0.28733183 | V30: 0.1332801 | W30: 0.2946996 | X30: 0.21573703 | Y30: 0.40835365 | Z30: 0.36654357 | AA30: 0.23970759 | AB30: 0.23940579 | AC30: 0.55042266 | AD30: 1
A31: CTRA | B31: 0.041430471 | C31: 0.016845058 | D31: -0.021055159 | E31: 0.037653272 | F31: -0.0060789303 | G31: -0.093018582 | H31: 0.084822043 | I31: 0.0041051392 | J31: -0.047361462 | K31: 0.03418063 | L31: 0.062385398 | M31: -0.016396149 | N31: -0.15815294 | O31: -0.019506682 | P31: -0.037379828 | Q31: 0.00044038951 | R31: 0.079730216 | S31: -0.081243927 | T31: 0.097196929 | U31: -0.015385059 | V31: -0.024445407 | W31: 0.14937146 | X31: 0.053902951 | Y31: -0.066259579 | Z31: -0.0014622755 | AA31: -0.04224844 | AB31: -0.069490165 | AC31: 0.023249729 | AD31: 0.0053062884 | AE31: 1
C37: =MIN(B31:AE31) -> -0.15815294

Sheet Return Estimasi
A1: Date | B1: IHSG | C1: BBCA | D1: BBRI | E1: BMRI | F1: BBNI | G1: TLKM | H1: ASII | I1: ICBP | J1: INDF | K1: ADRO | L1: ITMG | M1: ANTM | N1: MDKA | O1: PGAS | P1: TOWR | Q1: EXCL | R1: KLBF | S1: CPIN | T1: JPFA | U1: SMGR | V1: UNTR | W1: BRPT | X1: AKRA | Y1: AMRT | Z1: ACES | AA1: MAPI | AB1: GOTO | AC1: BUKA | AD1: SMRA | AE1: PWON | AF1: CTRA
A2: 45719
A3: 45750 | C3: =Perhitungan!B$4+Perhitungan!B$3*Return!$B3 -> -0.01998709 | D3: =Perhitungan!C$4+Perhitungan!C$3*Return!$B3 -> -0.019821933 | E3: =Perhitungan!D$4+Perhitungan!D$3*Return!$B3 -> -0.02082729 | F3: =Perhitungan!E$4+Perhitungan!E$3*Return!$B3 -> -0.018202282 | G3: =Perhitungan!F$4+Perhitungan!F$3*Return!$B3 -> -0.0176245 | H3: =Perhitungan!G$4+Perhitungan!G$3*Return!$B3 -> -0.013917988 | I3: =Perhitungan!H$4+Perhitungan!H$3*Return!$B3 -> -0.010917941 | J3: =Perhitungan!I$4+Perhitungan!I$3*Return!$B3 -> -0.006195768 | ... AF3: =Perhitungan!AE$4+Perhitungan!AE$3*Return!$B3 -> 17.28048
A4: 45780 | C4: =Perhitungan!B$4+Perhitungan!B$3*Return!$B4 -> 0.018689833 | D4: =Perhitungan!C$4+Perhitungan!C$3*Return!$B4 -> 0.024456126 | E4: =Perhitungan!D$4+Perhitungan!D$3*Return!$B4 -> 0.023237961 | F4: =Perhitungan!E$4+Perhitungan!E$3*Return!$B4 -> 0.019935737 | G4: =Perhitungan!F$4+Perhitungan!F$3*Return!$B4 -> 0.022937629 | H4: =Perhitungan!G$4+Perhitungan!G$3*Return!$B4 -> 0.01637484 | I4: =Perhitungan!H$4+Perhitungan!H$3*Return!$B4 -> 0.0081649372 | J4: =Perhitungan!I$4+Perhitungan!I$3*Return!$B4 -> 0.0067386093 | ... AF4: =Perhitungan!AE$4+Perhitungan!AE$3*Return!$B4 -> 16.014519
A5: 45811 | C5: =Perhitungan!B$4+Perhitungan!B$3*Return!$B5 -> 0.0097304605 | D5: =Perhitungan!C$4+Perhitungan!C$3*Return!$B5 -> 0.014199271 | E5: =Perhitungan!D$4+Perhitungan!D$3*Return!$B5 -> 0.013030402 | F5: =Perhitungan!E$4+Perhitungan!E$3*Return!$B5 -> 0.0111012 | G5: =Perhitungan!F$4+Perhitungan!F$3*Return!$B5 -> 0.013541556 | H5: =Perhitungan!G$4+Perhitungan!G$3*Return!$B5 -> 0.0093576139 | I5: =Perhitungan!H$4+Perhitungan!H$3*Return!$B5 -> 0.0037444561 | J5: =Perhitungan!I$4+Perhitungan!I$3*Return!$B5 -> 0.0037424067 | ... AF5: =Perhitungan!AE$4+Perhitungan!AE$3*Return!$B5 -> 16.307774
A6: 45841 | C6: =Perhitungan!B$4+Perhitungan!B$3*Return!$B6 -> 0.00071670706 | D6: =Perhitungan!C$4+Perhitungan!C$3*Return!$B6 -> 0.0038801585 | E6: =Perhitungan!D$4+Perhitungan!D$3*Return!$B6 -> 0.0027608853 | F6: =Perhitungan!E$4+Perhitungan!E$3*Return!$B6 -> 0.0022130396 | G6: =Perhitungan!F$4+Perhitungan!F$3*Return!$B6 -> 0.0040884504 | H6: =Perhitungan!G$4+Perhitungan!G$3*Return!$B6 -> 0.0022977946 | I6: =Perhitungan!H$4+Perhitungan!H$3*Return!$B6 -> -0.00070285647 | J6: =Perhitungan!I$4+Perhitungan!I$3*Return!$B6 -> 0.00072801777 | ... AF6: =Perhitungan!AE$4+Perhitungan!AE$3*Return!$B6 -> 16.60281
A7: 45933 | C7: =Perhitungan!B$4+Perhitungan!B$3*Return!$B7 -> -0.0065307996 | D7: =Perhitungan!C$4+Perhitungan!C$3*Return!$B7 -> -0.0044169217 | E7: =Perhitungan!D$4+Perhitungan!D$3*Return!$B7 -> -0.0054963176 | F7: =Perhitungan!E$4+Perhitungan!E$3*Return!$B7 -> -0.0049334841 | G7: =Perhitungan!F$4+Perhitungan!F$3*Return!$B7 -> -0.0035123171 | H7: =Perhitungan!G$4+Perhitungan!G$3*Return!$B7 -> -0.0033786516 | I7: =Perhitungan!H$4+Perhitungan!H$3*Return!$B7 -> -0.0042787172 | J7: =Perhitungan!I$4+Perhitungan!I$3*Return!$B7 -> -0.0016957011 | ... AF7: =Perhitungan!AE$4+Perhitungan!AE$3*Return!$B7 -> 16.840033
A8: 45964 | C8: =Perhitungan!B$4+Perhitungan!B$3*Return!$B8 -> -0.0084556076 | D8: =Perhitungan!C$4+Perhitungan!C$3*Return!$B8 -> -0.0066204776 | E8: =Perhitungan!D$4+Perhitungan!D$3*Return!$B8 -> -0.0076892828 | F8: =Perhitungan!E$4+Perhitungan!E$3*Return!$B8 -> -0.0068314728 | G8: =Perhitungan!F$4+Perhitungan!F$3*Return!$B8 -> -0.0055309448 | H8: =Perhitungan!G$4+Perhitungan!G$3*Return!$B8 -> -0.0048862141 | I8: =Perhitungan!H$4+Perhitungan!H$3*Return!$B8 -> -0.0052284018 | J8: =Perhitungan!I$4+Perhitungan!I$3*Return!$B8 -> -0.0023393974 | ... AF8: =Perhitungan!AE$4+Perhitungan!AE$3*Return!$B8 -> 16.903035
A9: 45994 | C9: =Perhitungan!B$4+Perhitungan!B$3*Return!$B9 -> 0.014001704 | D9: =Perhitungan!C$4+Perhitungan!C$3*Return!$B9 -> 0.01908907 | E9: =Perhitungan!D$4+Perhitungan!D$3*Return!$B9 -> 0.0178967 | F9: =Perhitungan!E$4+Perhitungan!E$3*Return!$B9 -> 0.015312931 | G9: =Perhitungan!F$4+Perhitungan!F$3*Return!$B9 -> 0.01802099 | H9: =Perhitungan!G$4+Perhitungan!G$3*Return!$B9 -> 0.012702969 | I9: =Perhitungan!H$4+Perhitungan!H$3*Return!$B9 -> 0.005851853 | J9: =Perhitungan!I$4+Perhitungan!I$3*Return!$B9 -> 0.0051708006 | ... AF9: =Perhitungan!AE$4+Perhitungan!AE$3*Return!$B9 -> 16.167969
A10: 03/13/2025 | C10: =Perhitungan!B$4+Perhitungan!B$3*Return!$B10 -> -0.0039099889 | D10: =Perhitungan!C$4+Perhitungan!C$3*Return!$B10 -> -0.0014165689 | E10: =Perhitungan!D$4+Perhitungan!D$3*Return!$B10 -> -0.0025103851 | F10: =Perhitungan!E$4+Perhitungan!E$3*Return!$B10 -> -0.0023491904 | G10: =Perhitungan!F$4+Perhitungan!F$3*Return!$B10 -> -0.00076376176 | H10: =Perhitungan!G$4+Perhitungan!G$3*Return!$B10 -> -0.0013259607 | I10: =Perhitungan!H$4+Perhitungan!H$3*Return!$B10 -> -0.0029856305 | J10: =Perhitungan!I$4+Perhitungan!I$3*Return!$B10 -> -0.00081924676 | ... AF10: =Perhitungan!AE$4+Perhitungan!AE$3*Return!$B10 -> 16.75425
A11: 03/14/2025 | C11: =Perhitungan!B$4+Perhitungan!B$3*Return!$B11 -> -0.018669171 | D11: =Perhitungan!C$4+Perhitungan!C$3*Return!$B11 -> -0.018313155 | E11: =Perhitungan!D$4+Perhitungan!D$3*Return!$B11 -> -0.019325763 | F11: =Perhitungan!E$4+Perhitungan!E$3*Return!$B11 -> -0.016902726 | G11: =Perhitungan!F$4+Perhitungan!F$3*Return!$B11 -> -0.016242342 | H11: =Perhitungan!G$4+Perhitungan!G$3*Return!$B11 -> -0.012885757 | I11: =Perhitungan!H$4+Perhitungan!H$3*Return!$B11 -> -0.010267691 | J11: =Perhitungan!I$4+Perhitungan!I$3*Return!$B11 -> -0.005755028 | ... AF11: =Perhitungan!AE$4+Perhitungan!AE$3*Return!$B11 -> 17.237343
A12: 03/17/2025 | C12: =Perhitungan!B$4+Perhitungan!B$3*Return!$B12 -> -0.007397675 | D12: =Perhitungan!C$4+Perhitungan!C$3*Return!$B12 -> -0.0054093368 | E12: =Perhitungan!D$4+Perhitungan!D$3*Return!$B12 -> -0.0064839629 | F12: =Perhitungan!E$4+Perhitungan!E$3*Return!$B12 -> -0.0057882809 | G12: =Perhitungan!F$4+Perhitungan!F$3*Return!$B12 -> -0.0044214461 | H12: =Perhitungan!G$4+Perhitungan!G$3*Return!$B12 -> -0.0040576122 | I12: =Perhitungan!H$4+Perhitungan!H$3*Return!$B12 -> -0.0047064265 | J12: =Perhitungan!I$4+Perhitungan!I$3*Return!$B12 -> -0.0019856024 | ... AF12: =Perhitungan!AE$4+Perhitungan!AE$3*Return!$B12 -> 16.868407
A13: 03/18/2025 | C13: =Perhitungan!B$4+Perhitungan!B$3*Return!$B13 -> -0.034629136 | D13: =Perhitungan!C$4+Perhitungan!C$3*Return!$B13 -> -0.036584419 | E13: =Perhitungan!D$4+Perhitungan!D$3*Return!$B13 -> -0.037509212 | F13: =Perhitungan!E$4+Perhitungan!E$3*Return!$B13 -> -0.032640313 | G13: =Perhitungan!F$4+Perhitungan!F$3*Return!$B13 -> -0.032980234 | H13: =Perhitungan!G$4+Perhitungan!G$3*Return!$B13 -> -0.02538604 | I13: =Perhitungan!H$4+Perhitungan!H$3*Return!$B13 -> -0.018142207 | J13: =Perhitungan!I$4+Perhitungan!I$3*Return!$B13 -> -0.011092376 | ... AF13: =Perhitungan!AE$4+Perhitungan!AE$3*Return!$B13 -> 17.75974
A14: 03/19/2025 | C14: =Perhitungan!B$4+Perhitungan!B$3*Return!$B14 -> 0.010544374 | D14: =Perhitungan!C$4+Perhitungan!C$3*Return!$B14 -> 0.015131055 | E14: =Perhitungan!D$4+Perhitungan!D$3*Return!$B14 -> 0.013957707 | F14: =Perhitungan!E$4+Perhitungan!E$3*Return!$B14 -> 0.011903773 | G14: =Perhitungan!F$4+Perhitungan!F$3*Return!$B14 -> 0.014395142 | H14: =Perhitungan!G$4+Perhitungan!G$3*Return!$B14 -> 0.0099950936 | I14: =Perhitungan!H$4+Perhitungan!H$3*Return!$B14 -> 0.0041460346 | J14: =Perhitungan!I$4+Perhitungan!I$3*Return!$B14 -> 0.0040145967 | ... AF14: =Perhitungan!AE$4+Perhitungan!AE$3*Return!$B14 -> 16.281134
A15: 03/20/2025 | C15: =Perhitungan!B$4+Perhitungan!B$3*Return!$B15 -> 0.0078888878 | D15: =Perhitungan!C$4+Perhitungan!C$3*Return!$B15 -> 0.012091004 | E15: =Perhitungan!D$4+Perhitungan!D$3*Return!$B15 -> 0.010932268 | F15: =Perhitungan!E$4+Perhitungan!E$3*Return!$B15 -> 0.0092852869 | G15: =Perhitungan!F$4+Perhitungan!F$3*Return!$B15 -> 0.01161022 | H15: =Perhitungan!G$4+Perhitungan!G$3*Return!$B15 -> 0.0079152436 | I15: =Perhitungan!H$4+Perhitungan!H$3*Return!$B15 -> 0.0028358391 | J15: =Perhitungan!I$4+Perhitungan!I$3*Return!$B15 -> 0.003126546 | ... AF15: =Perhitungan!AE$4+Perhitungan!AE$3*Return!$B15 -> 16.368052
A16: 03/21/2025 | C16: =Perhitungan!B$4+Perhitungan!B$3*Return!$B16 -> -0.01826115 | D16: =Perhitungan!C$4+Perhitungan!C$3*Return!$B16 -> -0.017846045 | E16: =Perhitungan!D$4+Perhitungan!D$3*Return!$B16 -> -0.018860898 | F16: =Perhitungan!E$4+Perhitungan!E$3*Return!$B16 -> -0.01650039 | G16: =Perhitungan!F$4+Perhitungan!F$3*Return!$B16 -> -0.015814433 | H16: =Perhitungan!G$4+Perhitungan!G$3*Return!$B16 -> -0.012566184 | I16: =Perhitungan!H$4+Perhitungan!H$3*Return!$B16 -> -0.010066377 | J16: =Perhitungan!I$4+Perhitungan!I$3*Return!$B16 -> -0.0056185773 | ... AF16: =Perhitungan!AE$4+Perhitungan!AE$3*Return!$B16 -> 17.223988
A17: 03/24/2025 | C17: =Perhitungan!B$4+Perhitungan!B$3*Return!$B17 -> -0.014947686 | D17: =Perhitungan!C$4+Perhitungan!C$3*Return!$B17 -> -0.01405273 | E17: =Perhitungan!D$4+Perhitungan!D$3*Return!$B17 -> -0.015085814 | F17: =Perhitungan!E$4+Perhitungan!E$3*Return!$B17 -> -0.013233094 | G17: =Perhitungan!F$4+Perhitungan!F$3*Return!$B17 -> -0.012339463 | H17: =Perhitungan!G$4+Perhitungan!G$3*Return!$B17 -> -0.0099709883 | I17: =Perhitungan!H$4+Perhitungan!H$3*Return!$B17 -> -0.0084315404 | J17: =Perhitungan!I$4+Perhitungan!I$3*Return!$B17 -> -0.0045104851 | ... AF17: =Perhitungan!AE$4+Perhitungan!AE$3*Return!$B17 -> 17.115532
A18: 03/25/2025 | C18: =Perhitungan!B$4+Perhitungan!B$3*Return!$B18 -> 0.0087335818 | D18: =Perhitungan!C$4+Perhitungan!C$3*Return!$B18 -> 0.013058026 | E18: =Perhitungan!D$4+Perhitungan!D$3*Return!$B18 -> 0.011894642 | F18: =Perhitungan!E$4+Perhitungan!E$3*Return!$B18 -> 0.010118211 | G18: =Perhitungan!F$4+Perhitungan!F$3*Return!$B18 -> 0.012496087 | H18: =Perhitungan!G$4+Perhitungan!G$3*Return!$B18 -> 0.0085768311 | I18: =Perhitungan!H$4+Perhitungan!H$3*Return!$B18 -> 0.0032526042 | J18: =Perhitungan!I$4+Perhitungan!I$3*Return!$B18 -> 0.0034090295 | ... AF18: =Perhitungan!AE$4+Perhitungan!AE$3*Return!$B18 -> 16.340404
A19: 03/26/2025 | C19: =Perhitungan!B$4+Perhitungan!B$3*Return!$B19 -> 0.030972928 | D19: =Perhitungan!C$4+Perhitungan!C$3*Return!$B19 -> 0.038518042 | E19: =Perhitungan!D$4+Perhitungan!D$3*Return!$B19 -> 0.037232293 | F19: =Perhitungan!E$4+Perhitungan!E$3*Return!$B19 -> 0.032047686 | G19: =Perhitungan!F$4+Perhitungan!F$3*Return!$B19 -> 0.035819432 | H19: =Perhitungan!G$4+Perhitungan!G$3*Return!$B19 -> 0.025995298 | I19: =Perhitungan!H$4+Perhitungan!H$3*Return!$B19 -> 0.014225316 | J19: =Perhitungan!I$4+Perhitungan!I$3*Return!$B19 -> 0.010846335 | ... AF19: =Perhitungan!AE$4+Perhitungan!AE$3*Return!$B19 -> 15.612472
A20: 03/27/2025 | C20: =Perhitungan!B$4+Perhitungan!B$3*Return!$B20 -> 0.0034385839 | D20: =Perhitungan!C$4+Perhitungan!C$3*Return!$B20 -> 0.0069962136 | E20: =Perhitungan!D$4+Perhitungan!D$3*Return!$B20 -> 0.005861964 | F20: =Perhitungan!E$4+Perhitungan!E$3*Return!$B20 -> 0.0048969912 | G20: =Perhitungan!F$4+Perhitungan!F$3*Return!$B20 -> 0.006942998 | H20: =Perhitungan!G$4+Perhitungan!G$3*Return!$B20 -> 0.0044296433 | I20: =Perhitungan!H$4+Perhitungan!H$3*Return!$B20 -> 0.00064009537 | J20: =Perhitungan!I$4+Perhitungan!I$3*Return!$B20 -> 0.0016382707 | ... AF20: =Perhitungan!AE$4+Perhitungan!AE$3*Return!$B20 -> 16.513718
A21: 45873 | C21: =Perhitungan!B$4+Perhitungan!B$3*Return!$B21 -> -0.06951766 | D21: =Perhitungan!C$4+Perhitungan!C$3*Return!$B21 -> -0.076525449 | E21: =Perhitungan!D$4+Perhitungan!D$3*Return!$B21 -> -0.077258278 | F21: =Perhitungan!E$4+Perhitungan!E$3*Return!$B21 -> -0.067042719 | G21: =Perhitungan!F$4+Perhitungan!F$3*Return!$B21 -> -0.069569308 | H21: =Perhitungan!G$4+Perhitungan!G$3*Return!$B21 -> -0.052711691 | I21: =Perhitungan!H$4+Perhitungan!H$3*Return!$B21 -> -0.035355921 | J21: =Perhitungan!I$4+Perhitungan!I$3*Return!$B21 -> -0.022759833 | ... AF21: =Perhitungan!AE$4+Perhitungan!AE$3*Return!$B21 -> 18.9017
A22: 45904 | C22: =Perhitungan!B$4+Perhitungan!B$3*Return!$B22 -> -0.0056718058 | D22: =Perhitungan!C$4+Perhitungan!C$3*Return!$B22 -> -0.0034335297 | E22: =Perhitungan!D$4+Perhitungan!D$3*Return!$B22 -> -0.0045176519 | F22: =Perhitungan!E$4+Perhitungan!E$3*Return!$B22 -> -0.0040864591 | G22: =Perhitungan!F$4+Perhitungan!F$3*Return!$B22 -> -0.0026114539 | H22: =Perhitungan!G$4+Perhitungan!G$3*Return!$B22 -> -0.0027058641 | I22: =Perhitungan!H$4+Perhitungan!H$3*Return!$B22 -> -0.0038548967 | J22: =Perhitungan!I$4+Perhitungan!I$3*Return!$B22 -> -0.0014084354 | ... AF22: =Perhitungan!AE$4+Perhitungan!AE$3*Return!$B22 -> 16.811917
A23: 45934 | C23: =Perhitungan!B$4+Perhitungan!B$3*Return!$B23 -> 0.039529813 | D23: =Perhitungan!C$4+Perhitungan!C$3*Return!$B23 -> 0.048314123 | E23: =Perhitungan!D$4+Perhitungan!D$3*Return!$B23 -> 0.046981291 | F23: =Perhitungan!E$4+Perhitungan!E$3*Return!$B23 -> 0.040485344 | G23: =Perhitungan!F$4+Perhitungan!F$3*Return!$B23 -> 0.0447934 | H23: =Perhitungan!G$4+Perhitungan!G$3*Return!$B23 -> 0.032697285 | I23: =Perhitungan!H$4+Perhitungan!H$3*Return!$B23 -> 0.018447214 | J23: =Perhitungan!I$4+Perhitungan!I$3*Return!$B23 -> 0.013707937 | ... AF23: =Perhitungan!AE$4+Perhitungan!AE$3*Return!$B23 -> 15.332391
A24: 45965 | C24: =Perhitungan!B$4+Perhitungan!B$3*Return!$B24 -> -0.00051149474 | D24: =Perhitungan!C$4+Perhitungan!C$3*Return!$B24 -> 0.0024740902 | E24: =Perhitungan!D$4+Perhitungan!D$3*Return!$B24 -> 0.0013615749 | F24: =Perhitungan!E$4+Perhitungan!E$3*Return!$B24 -> 0.0010019509 | G24: =Perhitungan!F$4+Perhitungan!F$3*Return!$B24 -> 0.0028003831 | H24: =Perhitungan!G$4+Perhitungan!G$3*Return!$B24 -> 0.0013358333 | I24: =Perhitungan!H$4+Perhitungan!H$3*Return!$B24 -> -0.0013088412 | J24: =Perhitungan!I$4+Perhitungan!I$3*Return!$B24 -> 0.00031728123 | ... AF24: =Perhitungan!AE$4+Perhitungan!AE$3*Return!$B24 -> 16.643011
A25: 04/14/2025 | C25: =Perhitungan!B$4+Perhitungan!B$3*Return!$B25 -> 0.012940602 | D25: =Perhitungan!C$4+Perhitungan!C$3*Return!$B25 -> 0.0178743 | E25: =Perhitungan!D$4+Perhitungan!D$3*Return!$B25 -> 0.016687768 | F25: =Perhitungan!E$4+Perhitungan!E$3*Return!$B25 -> 0.014266613 | G25: =Perhitungan!F$4+Perhitungan!F$3*Return!$B25 -> 0.016908167 | H25: =Perhitungan!G$4+Perhitungan!G$3*Return!$B25 -> 0.011871885 | I25: =Perhitungan!H$4+Perhitungan!H$3*Return!$B25 -> 0.0053283136 | J25: =Perhitungan!I$4+Perhitungan!I$3*Return!$B25 -> 0.0048159455 | ... AF25: =Perhitungan!AE$4+Perhitungan!AE$3*Return!$B25 -> 16.202701
A26: 04/15/2025 | C26: =Perhitungan!B$4+Perhitungan!B$3*Return!$B26 -> 0.0082286911 | D26: =Perhitungan!C$4+Perhitungan!C$3*Return!$B26 -> 0.012480017 | E26: =Perhitungan!D$4+Perhitungan!D$3*Return!$B26 -> 0.011319411 | F26: =Perhitungan!E$4+Perhitungan!E$3*Return!$B26 -> 0.0096203555 | G26: =Perhitungan!F$4+Perhitungan!F$3*Return!$B26 -> 0.011966586 | H26: =Perhitungan!G$4+Perhitungan!G$3*Return!$B26 -> 0.0081813868 | I26: =Perhitungan!H$4+Perhitungan!H$3*Return!$B26 -> 0.0030034952 | J26: =Perhitungan!I$4+Perhitungan!I$3*Return!$B26 -> 0.0032401834 | ... AF26: =Perhitungan!AE$4+Perhitungan!AE$3*Return!$B26 -> 16.35693
A27: 04/16/2025 | C27: =Perhitungan!B$4+Perhitungan!B$3*Return!$B27 -> -0.0071904189 | D27: =Perhitungan!C$4+Perhitungan!C$3*Return!$B27 -> -0.0051720661 | E27: =Perhitungan!D$4+Perhitungan!D$3*Return!$B27 -> -0.0062478326 | F27: =Perhitungan!E$4+Perhitungan!E$3*Return!$B27 -> -0.0055839126 | G27: =Perhitungan!F$4+Perhitungan!F$3*Return!$B27 -> -0.0042040877 | H27: =Perhitungan!G$4+Perhitungan!G$3*Return!$B27 -> -0.0038952835 | I27: =Perhitungan!H$4+Perhitungan!H$3*Return!$B27 -> -0.004604168 | J27: =Perhitungan!I$4+Perhitungan!I$3*Return!$B27 -> -0.0019162916 | ... AF27: =Perhitungan!AE$4+Perhitungan!AE$3*Return!$B27 -> 16.861624
A28: 04/17/2025 | C28: =Perhitungan!B$4+Perhitungan!B$3*Return!$B28 -> 0.0034905851 | D28: =Perhitungan!C$4+Perhitungan!C$3*Return!$B28 -> 0.0070557455 | E28: =Perhitungan!D$4+Perhitungan!D$3*Return!$B28 -> 0.0059212098 | F28: =Perhitungan!E$4+Perhitungan!E$3*Return!$B28 -> 0.0049482678 | G28: =Perhitungan!F$4+Perhitungan!F$3*Return!$B28 -> 0.0069975338 | H28: =Perhitungan!G$4+Perhitungan!G$3*Return!$B28 -> 0.0044703721 | I28: =Perhitungan!H$4+Perhitungan!H$3*Return!$B28 -> 0.00066575234 | J28: =Perhitungan!I$4+Perhitungan!I$3*Return!$B28 -> 0.001655661 | ... AF28: =Perhitungan!AE$4+Perhitungan!AE$3*Return!$B28 -> 16.512016
A29: 04/21/2025 | C29: =Perhitungan!B$4+Perhitungan!B$3*Return!$B29 -> -0.00061180904 | D29: =Perhitungan!C$4+Perhitungan!C$3*Return!$B29 -> 0.0023592486 | E29: =Perhitungan!D$4+Perhitungan!D$3*Return!$B29 -> 0.0012472851 | F29: =Perhitungan!E$4+Perhitungan!E$3*Return!$B29 -> 0.00090303435 | G29: =Perhitungan!F$4+Perhitungan!F$3*Return!$B29 -> 0.0026951792 | H29: =Perhitungan!G$4+Perhitungan!G$3*Return!$B29 -> 0.0012572643 | I29: =Perhitungan!H$4+Perhitungan!H$3*Return!$B29 -> -0.0013583355 | J29: =Perhitungan!I$4+Perhitungan!I$3*Return!$B29 -> 0.00028373401 | ... AF29: =Perhitungan!AE$4+Perhitungan!AE$3*Return!$B29 -> 16.646295
A30: 04/22/2025 | C30: =Perhitungan!B$4+Perhitungan!B$3*Return!$B30 -> 0.010660712 | D30: =Perhitungan!C$4+Perhitungan!C$3*Return!$B30 -> 0.01526424 | E30: =Perhitungan!D$4+Perhitungan!D$3*Return!$B30 -> 0.014090253 | F30: =Perhitungan!E$4+Perhitungan!E$3*Return!$B30 -> 0.01201849 | G30: =Perhitungan!F$4+Perhitungan!F$3*Return!$B30 -> 0.01451715 | H30: =Perhitungan!G$4+Perhitungan!G$3*Return!$B30 -> 0.010086213 | I30: =Perhitungan!H$4+Perhitungan!H$3*Return!$B30 -> 0.0042034347 | J30: =Perhitungan!I$4+Perhitungan!I$3*Return!$B30 -> 0.0040535024 | ... AF30: =Perhitungan!AE$4+Perhitungan!AE$3*Return!$B30 -> 16.277326
A31: 04/23/2025 | C31: =Perhitungan!B$4+Perhitungan!B$3*Return!$B31 -> 0.010987628 | D31: =Perhitungan!C$4+Perhitungan!C$3*Return!$B31 -> 0.015638499 | E31: =Perhitungan!D$4+Perhitungan!D$3*Return!$B31 -> 0.014462713 | F31: =Perhitungan!E$4+Perhitungan!E$3*Return!$B31 -> 0.012340851 | G31: =Perhitungan!F$4+Perhitungan!F$3*Return!$B31 -> 0.01486 | H31: =Perhitungan!G$4+Perhitungan!G$3*Return!$B31 -> 0.010342262 | I31: =Perhitungan!H$4+Perhitungan!H$3*Return!$B31 -> 0.0043647321 | J31: =Perhitungan!I$4+Perhitungan!I$3*Return!$B31 -> 0.0041628299 | ... AF31: =Perhitungan!AE$4+Perhitungan!AE$3*Return!$B31 -> 16.266625
A32: 04/24/2025 | C32: =Perhitungan!B$4+Perhitungan!B$3*Return!$B32 -> -0.0043451614 | D32: =Perhitungan!C$4+Perhitungan!C$3*Return!$B32 -> -0.0019147625 | E32: =Perhitungan!D$4+Perhitungan!D$3*Return!$B32 -> -0.0030061842 | F32: =Perhitungan!E$4+Perhitungan!E$3*Return!$B32 -> -0.0027782994 | G32: =Perhitungan!F$4+Perhitungan!F$3*Return!$B32 -> -0.0012201456 | H32: =Perhitungan!G$4+Perhitungan!G$3*Return!$B32 -> -0.0016667997 | I32: =Perhitungan!H$4+Perhitungan!H$3*Return!$B32 -> -0.0032003411 | J32: =Perhitungan!I$4+Perhitungan!I$3*Return!$B32 -> -0.0009647776 | ... AF32: =Perhitungan!AE$4+Perhitungan!AE$3*Return!$B32 -> 16.768493
A33: 04/25/2025 | C33: =Perhitungan!B$4+Perhitungan!B$3*Return!$B33 -> 0.006860486 | D33: =Perhitungan!C$4+Perhitungan!C$3*Return!$B33 -> 0.010913671 | E33: =Perhitungan!D$4+Perhitungan!D$3*Return!$B33 -> 0.0097605931 | F33: =Perhitungan!E$4+Perhitungan!E$3*Return!$B33 -> 0.0082712143 | G33: =Perhitungan!F$4+Perhitungan!F$3*Return!$B33 -> 0.010531692 | H33: =Perhitungan!G$4+Perhitungan!G$3*Return!$B33 -> 0.007109771 | I33: =Perhitungan!H$4+Perhitungan!H$3*Return!$B33 -> 0.002328434 | J33: =Perhitungan!I$4+Perhitungan!I$3*Return!$B33 -> 0.0027826268 | ... AF33: =Perhitungan!AE$4+Perhitungan!AE$3*Return!$B33 -> 16.401714
A34: 04/28/2025 | C34: =Perhitungan!B$4+Perhitungan!B$3*Return!$B34 -> 0.0040262055 | D34: =Perhitungan!C$4+Perhitungan!C$3*Return!$B34 -> 0.0076689337 | E34: =Perhitungan!D$4+Perhitungan!D$3*Return!$B34 -> 0.0065314509 | F34: =Perhitungan!E$4+Perhitungan!E$3*Return!$B34 -> 0.0054764252 | G34: =Perhitungan!F$4+Perhitungan!F$3*Return!$B34 -> 0.0075592616 | H34: =Perhitungan!G$4+Perhitungan!G$3*Return!$B34 -> 0.0048898847 | I34: =Perhitungan!H$4+Perhitungan!H$3*Return!$B34 -> 0.00093002307 | J34: =Perhitungan!I$4+Perhitungan!I$3*Return!$B34 -> 0.0018347837 | ... AF34: =Perhitungan!AE$4+Perhitungan!AE$3*Return!$B34 -> 16.494484
A35: 04/29/2025 | C35: =Perhitungan!B$4+Perhitungan!B$3*Return!$B35 -> 0.0016969115 | D35: =Perhitungan!C$4+Perhitungan!C$3*Return!$B35 -> 0.0050023147 | E35: =Perhitungan!D$4+Perhitungan!D$3*Return!$B35 -> 0.0038776482 | F35: =Perhitungan!E$4+Perhitungan!E$3*Return!$B35 -> 0.0031795864 | G35: =Perhitungan!F$4+Perhitungan!F$3*Return!$B35 -> 0.0051164324 | H35: =Perhitungan!G$4+Perhitungan!G$3*Return!$B35 -> 0.0030655177 | I35: =Perhitungan!H$4+Perhitungan!H$3*Return!$B35 -> -0.00021923157 | J35: =Perhitungan!I$4+Perhitungan!I$3*Return!$B35 -> 0.0010558188 | ... AF35: =Perhitungan!AE$4+Perhitungan!AE$3*Return!$B35 -> 16.570726
A36: 04/30/2025 | C36: =Perhitungan!B$4+Perhitungan!B$3*Return!$B36 -> 0.00061489896 | D36: =Perhitungan!C$4+Perhitungan!C$3*Return!$B36 -> 0.0037636067 | E36: =Perhitungan!D$4+Perhitungan!D$3*Return!$B36 -> 0.0026448936 | F36: =Perhitungan!E$4+Perhitungan!E$3*Return!$B36 -> 0.00211265 | G36: =Perhitungan!F$4+Perhitungan!F$3*Return!$B36 -> 0.0039816799 | H36: =Perhitungan!G$4+Perhitungan!G$3*Return!$B36 -> 0.0022180557 | I36: =Perhitungan!H$4+Perhitungan!H$3*Return!$B36 -> -0.00075308775 | J36: =Perhitungan!I$4+Perhitungan!I$3*Return!$B36 -> 0.00069397099 | ... AF36: =Perhitungan!AE$4+Perhitungan!AE$3*Return!$B36 -> 16.606142
A37: 45693 | C37: =Perhitungan!B$4+Perhitungan!B$3*Return!$B37 -> 0.0045733822 | D37: =Perhitungan!C$4+Perhitungan!C$3*Return!$B37 -> 0.0082953517 | E37: =Perhitungan!D$4+Perhitungan!D$3*Return!$B37 -> 0.0071548583 | F37: =Perhitungan!E$4+Perhitungan!E$3*Return!$B37 -> 0.0060159778 | G37: =Perhitungan!F$4+Perhitungan!F$3*Return!$B37 -> 0.008133109 | H37: =Perhitungan!G$4+Perhitungan!G$3*Return!$B37 -> 0.0053184485 | I37: =Perhitungan!H$4+Perhitungan!H$3*Return!$B37 -> 0.0011999956 | J37: =Perhitungan!I$4+Perhitungan!I$3*Return!$B37 -> 0.0020177711 | ... AF37: =Perhitungan!AE$4+Perhitungan!AE$3*Return!$B37 -> 16.476574
A38: 45782 | C38: =Perhitungan!B$4+Perhitungan!B$3*Return!$B38 -> 0.00040507243 | D38: =Perhitungan!C$4+Perhitungan!C$3*Return!$B38 -> 0.0035233934 | E38: =Perhitungan!D$4+Perhitungan!D$3*Return!$B38 -> 0.0024058348 | F38: =Perhitungan!E$4+Perhitungan!E$3*Return!$B38 -> 0.0019057471 | G38: =Perhitungan!F$4+Perhitungan!F$3*Return!$B38 -> 0.003761626 | H38: =Perhitungan!G$4+Perhitungan!G$3*Return!$B38 -> 0.0020537138 | I38: =Perhitungan!H$4+Perhitungan!H$3*Return!$B38 -> -0.00085661445 | J38: =Perhitungan!I$4+Perhitungan!I$3*Return!$B38 -> 0.00062380059 | ... AF38: =Perhitungan!AE$4+Perhitungan!AE$3*Return!$B38 -> 16.61301
A39: 45813 | C39: =Perhitungan!B$4+Perhitungan!B$3*Return!$B39 -> 0.0066905297 | D39: =Perhitungan!C$4+Perhitungan!C$3*Return!$B39 -> 0.010719101 | E39: =Perhitungan!D$4+Perhitungan!D$3*Return!$B39 -> 0.0095669591 | F39: =Perhitungan!E$4+Perhitungan!E$3*Return!$B39 -> 0.0081036261 | G39: =Perhitungan!F$4+Perhitungan!F$3*Return!$B39 -> 0.010353451 | H39: =Perhitungan!G$4+Perhitungan!G$3*Return!$B39 -> 0.0069766565 | I39: =Perhitungan!H$4+Perhitungan!H$3*Return!$B39 -> 0.0022445789 | J39: =Perhitungan!I$4+Perhitungan!I$3*Return!$B39 -> 0.0027257898 | ... AF39: =Perhitungan!AE$4+Perhitungan!AE$3*Return!$B39 -> 16.407277
A40: 45843 | C40: =Perhitungan!B$4+Perhitungan!B$3*Return!$B40 -> 0.001851253 | D40: =Perhitungan!C$4+Perhitungan!C$3*Return!$B40 -> 0.0051790077 | E40: =Perhitungan!D$4+Perhitungan!D$3*Return!$B40 -> 0.004053492 | F40: =Perhitungan!E$4+Perhitungan!E$3*Return!$B40 -> 0.0033317774 | G40: =Perhitungan!F$4+Perhitungan!F$3*Return!$B40 -> 0.0052782968 | H40: =Perhitungan!G$4+Perhitungan!G$3*Return!$B40 -> 0.0031864022 | I40: =Perhitungan!H$4+Perhitungan!H$3*Return!$B40 -> -0.00014308073 | J40: =Perhitungan!I$4+Perhitungan!I$3*Return!$B40 -> 0.0011074338 | ... AF40: =Perhitungan!AE$4+Perhitungan!AE$3*Return!$B40 -> 16.565674
A41: 45874 | C41: =Perhitungan!B$4+Perhitungan!B$3*Return!$B41 -> -0.013852557 | D41: =Perhitungan!C$4+Perhitungan!C$3*Return!$B41 -> -0.012799005 | E41: =Perhitungan!D$4+Perhitungan!D$3*Return!$B41 -> -0.013838115 | F41: =Perhitungan!E$4+Perhitungan!E$3*Return!$B41 -> -0.012153224 | G41: =Perhitungan!F$4+Perhitungan!F$3*Return!$B41 -> -0.011190954 | H41: =Perhitungan!G$4+Perhitungan!G$3*Return!$B41 -> -0.0091132527 | I41: =Perhitungan!H$4+Perhitungan!H$3*Return!$B41 -> -0.0078912124 | J41: =Perhitungan!I$4+Perhitungan!I$3*Return!$B41 -> -0.0041442507 | ... AF41: =Perhitungan!AE$4+Perhitungan!AE$3*Return!$B41 -> 17.079687
A42: 45905 | C42: =Perhitungan!B$4+Perhitungan!B$3*Return!$B42 -> -0.0010038029 | D42: =Perhitungan!C$4+Perhitungan!C$3*Return!$B42 -> 0.0019104867 | E42: =Perhitungan!D$4+Perhitungan!D$3*Return!$B42 -> 0.00080068009 | F42: =Perhitungan!E$4+Perhitungan!E$3*Return!$B42 -> 0.0005165023 | G42: =Perhitungan!F$4+Perhitungan!F$3*Return!$B42 -> 0.0022840786 | H42: =Perhitungan!G$4+Perhitungan!G$3*Return!$B42 -> 0.00095024397 | I42: =Perhitungan!H$4+Perhitungan!H$3*Return!$B42 -> -0.0015517421 | J42: =Perhitungan!I$4+Perhitungan!I$3*Return!$B42 -> 0.000152643 | ... AF42: =Perhitungan!AE$4+Perhitungan!AE$3*Return!$B42 -> 16.659125
A43: 05/14/2025 | C43: =Perhitungan!B$4+Perhitungan!B$3*Return!$B43 -> 0.016851047 | D43: =Perhitungan!C$4+Perhitungan!C$3*Return!$B43 -> 0.022351051 | E43: =Perhitungan!D$4+Perhitungan!D$3*Return!$B43 -> 0.021143003 | F43: =Perhitungan!E$4+Perhitungan!E$3*Return!$B43 -> 0.018122572 | G43: =Perhitungan!F$4+Perhitungan!F$3*Return!$B43 -> 0.021009217 | H43: =Perhitungan!G$4+Perhitungan!G$3*Return!$B43 -> 0.014934653 | I43: =Perhitungan!H$4+Perhitungan!H$3*Return!$B43 -> 0.0072576956 | J43: =Perhitungan!I$4+Perhitungan!I$3*Return!$B43 -> 0.0061236809 | ... AF43: =Perhitungan!AE$4+Perhitungan!AE$3*Return!$B43 -> 16.074705
A44: 05/15/2025 | C44: =Perhitungan!B$4+Perhitungan!B$3*Return!$B44 -> 0.0057792883 | D44: =Perhitungan!C$4+Perhitungan!C$3*Return!$B44 -> 0.0096758954 | E44: =Perhitungan!D$4+Perhitungan!D$3*Return!$B44 -> 0.0085287668 | F44: =Perhitungan!E$4+Perhitungan!E$3*Return!$B44 -> 0.0072050814 | G44: =Perhitungan!F$4+Perhitungan!F$3*Return!$B44 -> 0.0093977939 | H44: =Perhitungan!G$4+Perhitungan!G$3*Return!$B44 -> 0.0062629473 | I44: =Perhitungan!H$4+Perhitungan!H$3*Return!$B44 -> 0.0017949799 | J44: =Perhitungan!I$4+Perhitungan!I$3*Return!$B44 -> 0.0024210515 | ... AF44: =Perhitungan!AE$4+Perhitungan!AE$3*Return!$B44 -> 16.437103
A45: 05/16/2025 | C45: =Perhitungan!B$4+Perhitungan!B$3*Return!$B45 -> 0.0064588246 | D45: =Perhitungan!C$4+Perhitungan!C$3*Return!$B45 -> 0.010453841 | E45: =Perhitungan!D$4+Perhitungan!D$3*Return!$B45 -> 0.0093029737 | F45: =Perhitungan!E$4+Perhitungan!E$3*Return!$B45 -> 0.0078751494 | G45: =Perhitungan!F$4+Perhitungan!F$3*Return!$B45 -> 0.010110452 | H45: =Perhitungan!G$4+Perhitungan!G$3*Return!$B45 -> 0.0067951788 | I45: =Perhitungan!H$4+Perhitungan!H$3*Return!$B45 -> 0.0021302575 | J45: =Perhitungan!I$4+Perhitungan!I$3*Return!$B45 -> 0.0026483028 | ... AF45: =Perhitungan!AE$4+Perhitungan!AE$3*Return!$B45 -> 16.414861
A46: 05/19/2025 | C46: =Perhitungan!B$4+Perhitungan!B$3*Return!$B46 -> 0.0025382309 | D46: =Perhitungan!C$4+Perhitungan!C$3*Return!$B46 -> 0.0059654727 | E46: =Perhitungan!D$4+Perhitungan!D$3*Return!$B46 -> 0.0048361771 | F46: =Perhitungan!E$4+Perhitungan!E$3*Return!$B46 -> 0.0040091832 | G46: =Perhitungan!F$4+Perhitungan!F$3*Return!$B46 -> 0.0059987596 | H46: =Perhitungan!G$4+Perhitungan!G$3*Return!$B46 -> 0.0037244621 | I46: =Perhitungan!H$4+Perhitungan!H$3*Return!$B46 -> 0.00019586853 | J46: =Perhitungan!I$4+Perhitungan!I$3*Return!$B46 -> 0.0013371737 | ... AF46: =Perhitungan!AE$4+Perhitungan!AE$3*Return!$B46 -> 16.543188
A47: 05/20/2025 | C47: =Perhitungan!B$4+Perhitungan!B$3*Return!$B47 -> -0.0072313159 | D47: =Perhitungan!C$4+Perhitungan!C$3*Return!$B47 -> -0.0052188858 | E47: =Perhitungan!D$4+Perhitungan!D$3*Return!$B47 -> -0.0062944273 | F47: =Perhitungan!E$4+Perhitungan!E$3*Return!$B47 -> -0.0056242397 | G47: =Perhitungan!F$4+Perhitungan!F$3*Return!$B47 -> -0.0042469782 | H47: =Perhitungan!G$4+Perhitungan!G$3*Return!$B47 -> -0.0039273152 | I47: =Perhitungan!H$4+Perhitungan!H$3*Return!$B47 -> -0.0046243462 | J47: =Perhitungan!I$4+Perhitungan!I$3*Return!$B47 -> -0.0019299684 | ... AF47: =Perhitungan!AE$4+Perhitungan!AE$3*Return!$B47 -> 16.862962
A48: 05/21/2025 | C48: =Perhitungan!B$4+Perhitungan!B$3*Return!$B48 -> 0.0041555672 | D48: =Perhitungan!C$4+Perhitungan!C$3*Return!$B48 -> 0.0078170294 | E48: =Perhitungan!D$4+Perhitungan!D$3*Return!$B48 -> 0.0066788348 | F48: =Perhitungan!E$4+Perhitungan!E$3*Return!$B48 -> 0.0056039844 | G48: =Perhitungan!F$4+Perhitungan!F$3*Return!$B48 -> 0.0076949288 | H48: =Perhitungan!G$4+Perhitungan!G$3*Return!$B48 -> 0.0049912043 | I48: =Perhitungan!H$4+Perhitungan!H$3*Return!$B48 -> 0.00099384909 | J48: =Perhitungan!I$4+Perhitungan!I$3*Return!$B48 -> 0.001878045 | ... AF48: =Perhitungan!AE$4+Perhitungan!AE$3*Return!$B48 -> 16.49025
A49: 05/22/2025 | C49: =Perhitungan!B$4+Perhitungan!B$3*Return!$B49 -> 0.0013097584 | D49: =Perhitungan!C$4+Perhitungan!C$3*Return!$B49 -> 0.0045590946 | E49: =Perhitungan!D$4+Perhitungan!D$3*Return!$B49 -> 0.0034365583 | F49: =Perhitungan!E$4+Perhitungan!E$3*Return!$B49 -> 0.0027978276 | G49: =Perhitungan!F$4+Perhitungan!F$3*Return!$B49 -> 0.0047104084 | H49: =Perhitungan!G$4+Perhitungan!G$3*Return!$B49 -> 0.0027622887 | I49: =Perhitungan!H$4+Perhitungan!H$3*Return!$B49 -> -0.00041024978 | J49: =Perhitungan!I$4+Perhitungan!I$3*Return!$B49 -> 0.00092634661 | ... AF49: =Perhitungan!AE$4+Perhitungan!AE$3*Return!$B49 -> 16.583398
A50: 05/23/2025 | C50: =Perhitungan!B$4+Perhitungan!B$3*Return!$B50 -> 0.0040155457 | D50: =Perhitungan!C$4+Perhitungan!C$3*Return!$B50 -> 0.0076567302 | E50: =Perhitungan!D$4+Perhitungan!D$3*Return!$B50 -> 0.0065193061 | F50: =Perhitungan!E$4+Perhitungan!E$3*Return!$B50 -> 0.0054659139 | G50: =Perhitungan!F$4+Perhitungan!F$3*Return!$B50 -> 0.0075480823 | H50: =Perhitungan!G$4+Perhitungan!G$3*Return!$B50 -> 0.0048815356 | I50: =Perhitungan!H$4+Perhitungan!H$3*Return!$B50 -> 0.00092476363 | J50: =Perhitungan!I$4+Perhitungan!I$3*Return!$B50 -> 0.0018312189 | ... AF50: =Perhitungan!AE$4+Perhitungan!AE$3*Return!$B50 -> 16.494833
A51: 05/26/2025 | C51: =Perhitungan!B$4+Perhitungan!B$3*Return!$B51 -> -0.0047123174 | D51: =Perhitungan!C$4+Perhitungan!C$3*Return!$B51 -> -0.0023350895 | E51: =Perhitungan!D$4+Perhitungan!D$3*Return!$B51 -> -0.0034244911 | F51: =Perhitungan!E$4+Perhitungan!E$3*Return!$B51 -> -0.0031403397 | G51: =Perhitungan!F$4+Perhitungan!F$3*Return!$B51 -> -0.0016051977 | H51: =Perhitungan!G$4+Perhitungan!G$3*Return!$B51 -> -0.0019543664 | I51: =Perhitungan!H$4+Perhitungan!H$3*Return!$B51 -> -0.0033814929 | J51: =Perhitungan!I$4+Perhitungan!I$3*Return!$B51 -> -0.0010875623 | ... AF51: =Perhitungan!AE$4+Perhitungan!AE$3*Return!$B51 -> 16.780511
A52: 05/27/2025 | C52: =Perhitungan!B$4+Perhitungan!B$3*Return!$B52 -> -0.00037007564 | D52: =Perhitungan!C$4+Perhitungan!C$3*Return!$B52 -> 0.0026359895 | E52: =Perhitungan!D$4+Perhitungan!D$3*Return!$B52 -> 0.001522696 | F52: =Perhitungan!E$4+Perhitungan!E$3*Return!$B52 -> 0.0011413996 | G52: =Perhitungan!F$4+Perhitungan!F$3*Return!$B52 -> 0.0029486953 | H52: =Perhitungan!G$4+Perhitungan!G$3*Return!$B52 -> 0.0014465966 | I52: =Perhitungan!H$4+Perhitungan!H$3*Return!$B52 -> -0.0012390662 | J52: =Perhitungan!I$4+Perhitungan!I$3*Return!$B52 -> 0.00036457475 | ... AF52: =Perhitungan!AE$4+Perhitungan!AE$3*Return!$B52 -> 16.638382
A53: 05/28/2025 | C53: =Perhitungan!B$4+Perhitungan!B$3*Return!$B53 -> -0.0044014088 | D53: =Perhitungan!C$4+Perhitungan!C$3*Return!$B53 -> -0.0019791555 | E53: =Perhitungan!D$4+Perhitungan!D$3*Return!$B53 -> -0.0030702678 | F53: =Perhitungan!E$4+Perhitungan!E$3*Return!$B53 -> -0.0028337631 | G53: =Perhitungan!F$4+Perhitungan!F$3*Return!$B53 -> -0.0012791346 | H53: =Perhitungan!G$4+Perhitungan!G$3*Return!$B53 -> -0.0017108542 | I53: =Perhitungan!H$4+Perhitungan!H$3*Return!$B53 -> -0.0032280931 | J53: =Perhitungan!I$4+Perhitungan!I$3*Return!$B53 -> -0.00098358791 | ... AF53: =Perhitungan!AE$4+Perhitungan!AE$3*Return!$B53 -> 16.770335
A54: 45694 | C54: =Perhitungan!B$4+Perhitungan!B$3*Return!$B54 -> -0.014896537 | D54: =Perhitungan!C$4+Perhitungan!C$3*Return!$B54 -> -0.013994173 | E54: =Perhitungan!D$4+Perhitungan!D$3*Return!$B54 -> -0.015027539 | F54: =Perhitungan!E$4+Perhitungan!E$3*Return!$B54 -> -0.013182657 | G54: =Perhitungan!F$4+Perhitungan!F$3*Return!$B54 -> -0.01228582 | H54: =Perhitungan!G$4+Perhitungan!G$3*Return!$B54 -> -0.0099309267 | I54: =Perhitungan!H$4+Perhitungan!H$3*Return!$B54 -> -0.0084063038 | J54: =Perhitungan!I$4+Perhitungan!I$3*Return!$B54 -> -0.0044933797 | ... AF54: =Perhitungan!AE$4+Perhitungan!AE$3*Return!$B54 -> 17.113858
A55: 45722 | C55: =Perhitungan!B$4+Perhitungan!B$3*Return!$B55 -> -0.0041011723 | D55: =Perhitungan!C$4+Perhitungan!C$3*Return!$B55 -> -0.0016354392 | E55: =Perhitungan!D$4+Perhitungan!D$3*Return!$B55 -> -0.0027282034 | F55: =Perhitungan!E$4+Perhitungan!E$3*Return!$B55 -> -0.0025377099 | G55: =Perhitungan!F$4+Perhitungan!F$3*Return!$B55 -> -0.00096426387 | H55: =Perhitungan!G$4+Perhitungan!G$3*Return!$B55 -> -0.0014757007 | I55: =Perhitungan!H$4+Perhitungan!H$3*Return!$B55 -> -0.0030799589 | J55: =Perhitungan!I$4+Perhitungan!I$3*Return!$B55 -> -0.00088318251 | ... AF55: =Perhitungan!AE$4+Perhitungan!AE$3*Return!$B55 -> 16.760507
A56: 45753 | C56: =Perhitungan!B$4+Perhitungan!B$3*Return!$B56 -> 0.00131405 | D56: =Perhitungan!C$4+Perhitungan!C$3*Return!$B56 -> 0.0045640078 | E56: =Perhitungan!D$4+Perhitungan!D$3*Return!$B56 -> 0.0034414479 | F56: =Perhitungan!E$4+Perhitungan!E$3*Return!$B56 -> 0.0028020595 | G56: =Perhitungan!F$4+Perhitungan!F$3*Return!$B56 -> 0.0047149093 | H56: =Perhitungan!G$4+Perhitungan!G$3*Return!$B56 -> 0.00276565 | I56: =Perhitungan!H$4+Perhitungan!H$3*Return!$B56 -> -0.00040813232 | J56: =Perhitungan!I$4+Perhitungan!I$3*Return!$B56 -> 0.00092778183 | ... AF56: =Perhitungan!AE$4+Perhitungan!AE$3*Return!$B56 -> 16.583258
A57: 45783 | C57: =Perhitungan!B$4+Perhitungan!B$3*Return!$B57 -> 0.0037536512 | D57: =Perhitungan!C$4+Perhitungan!C$3*Return!$B57 -> 0.0073569085 | E57: =Perhitungan!D$4+Perhitungan!D$3*Return!$B57 -> 0.0062209254 | F57: =Perhitungan!E$4+Perhitungan!E$3*Return!$B57 -> 0.0052076686 | G57: =Perhitungan!F$4+Perhitungan!F$3*Return!$B57 -> 0.0072734225 | H57: =Perhitungan!G$4+Perhitungan!G$3*Return!$B57 -> 0.0046764127 | I57: =Perhitungan!H$4+Perhitungan!H$3*Return!$B57 -> 0.00079554704 | J57: =Perhitungan!I$4+Perhitungan!I$3*Return!$B57 -> 0.0017436358 | ... AF57: =Perhitungan!AE$4+Perhitungan!AE$3*Return!$B57 -> 16.503406
A58: 45936 | C58: =Perhitungan!B$4+Perhitungan!B$3*Return!$B58 -> 0.012529138 | D58: =Perhitungan!C$4+Perhitungan!C$3*Return!$B58 -> 0.017403248 | E58: =Perhitungan!D$4+Perhitungan!D$3*Return!$B58 -> 0.016218981 | F58: =Perhitungan!E$4+Perhitungan!E$3*Return!$B58 -> 0.013860882 | G58: =Perhitungan!F$4+Perhitungan!F$3*Return!$B58 -> 0.016476647 | H58: =Perhitungan!G$4+Perhitungan!G$3*Return!$B58 -> 0.011549615 | I58: =Perhitungan!H$4+Perhitungan!H$3*Return!$B58 -> 0.0051253006 | J58: =Perhitungan!I$4+Perhitungan!I$3*Return!$B58 -> 0.0046783433 | ... AF58: =Perhitungan!AE$4+Perhitungan!AE$3*Return!$B58 -> 16.216169
A59: 45967 | C59: =Perhitungan!B$4+Perhitungan!B$3*Return!$B59 -> -0.0026239552 | D59: =Perhitungan!C$4+Perhitungan!C$3*Return!$B59 -> 5.5706272e-05 | E59: =Perhitungan!D$4+Perhitungan!D$3*Return!$B59 -> -0.0010451859 | F59: =Perhitungan!E$4+Perhitungan!E$3*Return!$B59 -> -0.0010810756 | G59: =Perhitungan!F$4+Perhitungan!F$3*Return!$B59 -> 0.00058495626 | H59: =Perhitungan!G$4+Perhitungan!G$3*Return!$B59 -> -0.0003187038 | I59: =Perhitungan!H$4+Perhitungan!H$3*Return!$B59 -> -0.002351112 | J59: =Perhitungan!I$4+Perhitungan!I$3*Return!$B59 -> -0.00038917003 | ... AF59: =Perhitungan!AE$4+Perhitungan!AE$3*Return!$B59 -> 16.712155
A60: 45997 | C60: =Perhitungan!B$4+Perhitungan!B$3*Return!$B60 -> -0.0037906256 | D60: =Perhitungan!C$4+Perhitungan!C$3*Return!$B60 -> -0.0012799197 | E60: =Perhitungan!D$4+Perhitungan!D$3*Return!$B60 -> -0.0023743926 | F60: =Perhitungan!E$4+Perhitungan!E$3*Return!$B60 -> -0.0022314903 | G60: =Perhitungan!F$4+Perhitungan!F$3*Return!$B60 -> -0.00063858044 | H60: =Perhitungan!G$4+Perhitungan!G$3*Return!$B60 -> -0.0012324721 | I60: =Perhitungan!H$4+Perhitungan!H$3*Return!$B60 -> -0.0029267377 | J60: =Perhitungan!I$4+Perhitungan!I$3*Return!$B60 -> -0.00077932917 | ... AF60: =Perhitungan!AE$4+Perhitungan!AE$3*Return!$B60 -> 16.750343
A61: 06/13/2025 | C61: =Perhitungan!B$4+Perhitungan!B$3*Return!$B61 -> -0.0062068847 | D61: =Perhitungan!C$4+Perhitungan!C$3*Return!$B61 -> -0.0040460979 | E61: =Perhitungan!D$4+Perhitungan!D$3*Return!$B61 -> -0.005127276 | F61: =Perhitungan!E$4+Perhitungan!E$3*Return!$B61 -> -0.0046140824 | G61: =Perhitungan!F$4+Perhitungan!F$3*Return!$B61 -> -0.0031726137 | H61: =Perhitungan!G$4+Perhitungan!G$3*Return!$B61 -> -0.0031249525 | I61: =Perhitungan!H$4+Perhitungan!H$3*Return!$B61 -> -0.0041189002 | J61: =Perhitungan!I$4+Perhitungan!I$3*Return!$B61 -> -0.0015873771 | ... AF61: =Perhitungan!AE$4+Perhitungan!AE$3*Return!$B61 -> 16.829431
A62: 06/16/2025 | C62: =Perhitungan!B$4+Perhitungan!B$3*Return!$B62 -> -0.0074491701 | D62: =Perhitungan!C$4+Perhitungan!C$3*Return!$B62 -> -0.0054682893 | E62: =Perhitungan!D$4+Perhitungan!D$3*Return!$B62 -> -0.0065426321 | F62: =Perhitungan!E$4+Perhitungan!E$3*Return!$B62 -> -0.0058390585 | G62: =Perhitungan!F$4+Perhitungan!F$3*Return!$B62 -> -0.0044754511 | H62: =Perhitungan!G$4+Perhitungan!G$3*Return!$B62 -> -0.0040979446 | I62: =Perhitungan!H$4+Perhitungan!H$3*Return!$B62 -> -0.0047318337 | J62: =Perhitungan!I$4+Perhitungan!I$3*Return!$B62 -> -0.0020028235 | ... AF62: =Perhitungan!AE$4+Perhitungan!AE$3*Return!$B62 -> 16.870093
A63: 06/17/2025 | C63: =Perhitungan!B$4+Perhitungan!B$3*Return!$B63 -> 0.0029782742 | D63: =Perhitungan!C$4+Perhitungan!C$3*Return!$B63 -> 0.0064692424 | E63: =Perhitungan!D$4+Perhitungan!D$3*Return!$B63 -> 0.0053375256 | F63: =Perhitungan!E$4+Perhitungan!E$3*Return!$B63 -> 0.0044430952 | G63: =Perhitungan!F$4+Perhitungan!F$3*Return!$B63 -> 0.0064602517 | H63: =Perhitungan!G$4+Perhitungan!G$3*Return!$B63 -> 0.0040691161 | I63: =Perhitungan!H$4+Perhitungan!H$3*Return!$B63 -> 0.00041298231 | J63: =Perhitungan!I$4+Perhitungan!I$3*Return!$B63 -> 0.0014843334 | ... AF63: =Perhitungan!AE$4+Perhitungan!AE$3*Return!$B63 -> 16.528785
A64: 06/18/2025 | C64: =Perhitungan!B$4+Perhitungan!B$3*Return!$B64 -> -0.0074082436 | D64: =Perhitungan!C$4+Perhitungan!C$3*Return!$B64 -> -0.0054214359 | E64: =Perhitungan!D$4+Perhitungan!D$3*Return!$B64 -> -0.0064960039 | F64: =Perhitungan!E$4+Perhitungan!E$3*Return!$B64 -> -0.0057987022 | G64: =Perhitungan!F$4+Perhitungan!F$3*Return!$B64 -> -0.0044325297 | H64: =Perhitungan!G$4+Perhitungan!G$3*Return!$B64 -> -0.0040658898 | I64: =Perhitungan!H$4+Perhitungan!H$3*Return!$B64 -> -0.0047116409 | J64: =Perhitungan!I$4+Perhitungan!I$3*Return!$B64 -> -0.0019891368 | ... AF64: =Perhitungan!AE$4+Perhitungan!AE$3*Return!$B64 -> 16.868753
A65: 06/19/2025 | C65: =Perhitungan!B$4+Perhitungan!B$3*Return!$B65 -> -0.018455606 | D65: =Perhitungan!C$4+Perhitungan!C$3*Return!$B65 -> -0.018068661 | E65: =Perhitungan!D$4+Perhitungan!D$3*Return!$B65 -> -0.019082444 | F65: =Perhitungan!E$4+Perhitungan!E$3*Return!$B65 -> -0.016692136 | G65: =Perhitungan!F$4+Perhitungan!F$3*Return!$B65 -> -0.016018367 | H65: =Perhitungan!G$4+Perhitungan!G$3*Return!$B65 -> -0.012718487 | I65: =Perhitungan!H$4+Perhitungan!H$3*Return!$B65 -> -0.010162319 | J65: =Perhitungan!I$4+Perhitungan!I$3*Return!$B65 -> -0.0056836072 | ... AF65: =Perhitungan!AE$4+Perhitungan!AE$3*Return!$B65 -> 17.230352
A66: 06/20/2025 | C66: =Perhitungan!B$4+Perhitungan!B$3*Return!$B66 -> -0.0092199043 | D66: =Perhitungan!C$4+Perhitungan!C$3*Return!$B66 -> -0.0074954587 | E66: =Perhitungan!D$4+Perhitungan!D$3*Return!$B66 -> -0.0085600586 | F66: =Perhitungan!E$4+Perhitungan!E$3*Return!$B66 -> -0.0075851202 | G66: =Perhitungan!F$4+Perhitungan!F$3*Return!$B66 -> -0.0063324951 | H66: =Perhitungan!G$4+Perhitungan!G$3*Return!$B66 -> -0.0054848323 | I66: =Perhitungan!H$4+Perhitungan!H$3*Return!$B66 -> -0.0056054995 | J66: =Perhitungan!I$4+Perhitungan!I$3*Return!$B66 -> -0.0025949943 | ... AF66: =Perhitungan!AE$4+Perhitungan!AE$3*Return!$B66 -> 16.928052
A67: 06/23/2025 | C67: =Perhitungan!B$4+Perhitungan!B$3*Return!$B67 -> -0.016562584 | D67: =Perhitungan!C$4+Perhitungan!C$3*Return!$B67 -> -0.015901495 | E67: =Perhitungan!D$4+Perhitungan!D$3*Return!$B67 -> -0.016925694 | F67: =Perhitungan!E$4+Perhitungan!E$3*Return!$B67 -> -0.014825491 | G67: =Perhitungan!F$4+Perhitungan!F$3*Return!$B67 -> -0.014033075 | H67: =Perhitungan!G$4+Perhitungan!G$3*Return!$B67 -> -0.011235821 | I67: =Perhitungan!H$4+Perhitungan!H$3*Return!$B67 -> -0.009228318 | J67: =Perhitungan!I$4+Perhitungan!I$3*Return!$B67 -> -0.005050541 | ... AF67: =Perhitungan!AE$4+Perhitungan!AE$3*Return!$B67 -> 17.168391
A68: 06/24/2025 | C68: =Perhitungan!B$4+Perhitungan!B$3*Return!$B68 -> 0.0087426542 | D68: =Perhitungan!C$4+Perhitungan!C$3*Return!$B68 -> 0.013068412 | E68: =Perhitungan!D$4+Perhitungan!D$3*Return!$B68 -> 0.011904978 | F68: =Perhitungan!E$4+Perhitungan!E$3*Return!$B68 -> 0.010127157 | G68: =Perhitungan!F$4+Perhitungan!F$3*Return!$B68 -> 0.012505601 | H68: =Perhitungan!G$4+Perhitungan!G$3*Return!$B68 -> 0.0085839369 | I68: =Perhitungan!H$4+Perhitungan!H$3*Return!$B68 -> 0.0032570805 | J68: =Perhitungan!I$4+Perhitungan!I$3*Return!$B68 -> 0.0034120635 | ... AF68: =Perhitungan!AE$4+Perhitungan!AE$3*Return!$B68 -> 16.340107
A69: 06/25/2025 | C69: =Perhitungan!B$4+Perhitungan!B$3*Return!$B69 -> -0.0062697172 | D69: =Perhitungan!C$4+Perhitungan!C$3*Return!$B69 -> -0.0041180298 | E69: =Perhitungan!D$4+Perhitungan!D$3*Return!$B69 -> -0.0051988622 | F69: =Perhitungan!E$4+Perhitungan!E$3*Return!$B69 -> -0.0046760395 | G69: =Perhitungan!F$4+Perhitungan!F$3*Return!$B69 -> -0.0032385089 | H69: =Perhitungan!G$4+Perhitungan!G$3*Return!$B69 -> -0.0031741647 | I69: =Perhitungan!H$4+Perhitungan!H$3*Return!$B69 -> -0.0041499013 | J69: =Perhitungan!I$4+Perhitungan!I$3*Return!$B69 -> -0.0016083896 | ... AF69: =Perhitungan!AE$4+Perhitungan!AE$3*Return!$B69 -> 16.831487
A70: 06/26/2025 | C70: =Perhitungan!B$4+Perhitungan!B$3*Return!$B70 -> 0.006565828 | D70: =Perhitungan!C$4+Perhitungan!C$3*Return!$B70 -> 0.010576341 | E70: =Perhitungan!D$4+Perhitungan!D$3*Return!$B70 -> 0.0094248844 | F70: =Perhitungan!E$4+Perhitungan!E$3*Return!$B70 -> 0.007980662 | G70: =Perhitungan!F$4+Perhitungan!F$3*Return!$B70 -> 0.010222671 | H70: =Perhitungan!G$4+Perhitungan!G$3*Return!$B70 -> 0.0068789868 | I70: =Perhitungan!H$4+Perhitungan!H$3*Return!$B70 -> 0.0021830522 | J70: =Perhitungan!I$4+Perhitungan!I$3*Return!$B70 -> 0.002684087 | ... AF70: =Perhitungan!AE$4+Perhitungan!AE$3*Return!$B70 -> 16.411358
A71: 06/30/2025 | C71: =Perhitungan!B$4+Perhitungan!B$3*Return!$B71 -> 0.0021318677 | D71: =Perhitungan!C$4+Perhitungan!C$3*Return!$B71 -> 0.0055002606 | E71: =Perhitungan!D$4+Perhitungan!D$3*Return!$B71 -> 0.0043732009 | F71: =Perhitungan!E$4+Perhitungan!E$3*Return!$B71 -> 0.0036084821 | G71: =Perhitungan!F$4+Perhitungan!F$3*Return!$B71 -> 0.0055725893 | H71: =Perhitungan!G$4+Perhitungan!G$3*Return!$B71 -> 0.0034061873 | I71: =Perhitungan!H$4+Perhitungan!H$3*Return!$B71 -> -4.627741e-06 | J71: =Perhitungan!I$4+Perhitungan!I$3*Return!$B71 -> 0.0012012773 | ... AF71: =Perhitungan!AE$4+Perhitungan!AE$3*Return!$B71 -> 16.556489
A72: 45664 | C72: =Perhitungan!B$4+Perhitungan!B$3*Return!$B72 -> -0.0031667321 | D72: =Perhitungan!C$4+Perhitungan!C$3*Return!$B72 -> -0.00056567481 | E72: =Perhitungan!D$4+Perhitungan!D$3*Return!$B72 -> -0.0016635805 | F72: =Perhitungan!E$4+Perhitungan!E$3*Return!$B72 -> -0.0016162898 | G72: =Perhitungan!F$4+Perhitungan!F$3*Return!$B72 -> 1.5723105e-05 | H72: =Perhitungan!G$4+Perhitungan!G$3*Return!$B72 -> -0.00074382158 | I72: =Perhitungan!H$4+Perhitungan!H$3*Return!$B72 -> -0.0026189137 | J72: =Perhitungan!I$4+Perhitungan!I$3*Return!$B72 -> -0.00057068606 | ... AF72: =Perhitungan!AE$4+Perhitungan!AE$3*Return!$B72 -> 16.729921
A73: 45695 | C73: =Perhitungan!B$4+Perhitungan!B$3*Return!$B73 -> -0.0058760824 | D73: =Perhitungan!C$4+Perhitungan!C$3*Return!$B73 -> -0.0036673893 | E73: =Perhitungan!D$4+Perhitungan!D$3*Return!$B73 -> -0.0047503876 | F73: =Perhitungan!E$4+Perhitungan!E$3*Return!$B73 -> -0.0042878893 | G73: =Perhitungan!F$4+Perhitungan!F$3*Return!$B73 -> -0.0028256873 | H73: =Perhitungan!G$4+Perhitungan!G$3*Return!$B73 -> -0.0028658591 | I73: =Perhitungan!H$4+Perhitungan!H$3*Return!$B73 -> -0.0039556851 | J73: =Perhitungan!I$4+Perhitungan!I$3*Return!$B73 -> -0.0014767498 | ... AF73: =Perhitungan!AE$4+Perhitungan!AE$3*Return!$B73 -> 16.818603
A74: 45723 | C74: =Perhitungan!B$4+Perhitungan!B$3*Return!$B74 -> -0.0020385899 | D74: =Perhitungan!C$4+Perhitungan!C$3*Return!$B74 -> 0.00072584341 | E74: =Perhitungan!D$4+Perhitungan!D$3*Return!$B74 -> -0.00037826957 | F74: =Perhitungan!E$4+Perhitungan!E$3*Return!$B74 -> -0.00050386644 | G74: =Perhitungan!F$4+Perhitungan!F$3*Return!$B74 -> 0.0011988537 | H74: =Perhitungan!G$4+Perhitungan!G$3*Return!$B74 -> 0.00013977043 | I74: =Perhitungan!H$4+Perhitungan!H$3*Return!$B74 -> -0.0020622975 | J74: =Perhitungan!I$4+Perhitungan!I$3*Return!$B74 -> -0.00019341153 | ... AF74: =Perhitungan!AE$4+Perhitungan!AE$3*Return!$B74 -> 16.692995
A75: 45754 | C75: =Perhitungan!B$4+Perhitungan!B$3*Return!$B75 -> -0.0032451944 | D75: =Perhitungan!C$4+Perhitungan!C$3*Return!$B75 -> -0.00065549986 | E75: =Perhitungan!D$4+Perhitungan!D$3*Return!$B75 -> -0.0017529738 | F75: =Perhitungan!E$4+Perhitungan!E$3*Return!$B75 -> -0.0016936588 | G75: =Perhitungan!F$4+Perhitungan!F$3*Return!$B75 -> -6.656359e-05 | H75: =Perhitungan!G$4+Perhitungan!G$3*Return!$B75 -> -0.00080527537 | I75: =Perhitungan!H$4+Perhitungan!H$3*Return!$B75 -> -0.0026576264 | J75: =Perhitungan!I$4+Perhitungan!I$3*Return!$B75 -> -0.00059692549 | ... AF75: =Perhitungan!AE$4+Perhitungan!AE$3*Return!$B75 -> 16.73249
A76: 45845 | C76: =Perhitungan!B$4+Perhitungan!B$3*Return!$B76 -> 0.0028327266 | D76: =Perhitungan!C$4+Perhitungan!C$3*Return!$B76 -> 0.0063026169 | E76: =Perhitungan!D$4+Perhitungan!D$3*Return!$B76 -> 0.0051717009 | F76: =Perhitungan!E$4+Perhitungan!E$3*Return!$B76 -> 0.0042995756 | G76: =Perhitungan!F$4+Perhitungan!F$3*Return!$B76 -> 0.0063076097 | H76: =Perhitungan!G$4+Perhitungan!G$3*Return!$B76 -> 0.0039551192 | I76: =Perhitungan!H$4+Perhitungan!H$3*Return!$B76 -> 0.00034117032 | J76: =Perhitungan!I$4+Perhitungan!I$3*Return!$B76 -> 0.0014356592 | ... AF76: =Perhitungan!AE$4+Perhitungan!AE$3*Return!$B76 -> 16.533549
A77: 45876 | C77: =Perhitungan!B$4+Perhitungan!B$3*Return!$B77 -> -0.0012084539 | D77: =Perhitungan!C$4+Perhitungan!C$3*Return!$B77 -> 0.0016761985 | E77: =Perhitungan!D$4+Perhitungan!D$3*Return!$B77 -> 0.00056751793 | F77: =Perhitungan!E$4+Perhitungan!E$3*Return!$B77 -> 0.00031470286 | G77: =Perhitungan!F$4+Perhitungan!F$3*Return!$B77 -> 0.0020694525 | H77: =Perhitungan!G$4+Perhitungan!G$3*Return!$B77 -> 0.00078995573 | I77: =Perhitungan!H$4+Perhitungan!H$3*Return!$B77 -> -0.0016527152 | J77: =Perhitungan!I$4+Perhitungan!I$3*Return!$B77 -> 8.4203422e-05 | ... AF77: =Perhitungan!AE$4+Perhitungan!AE$3*Return!$B77 -> 16.665824
A78: 45907 | C78: =Perhitungan!B$4+Perhitungan!B$3*Return!$B78 -> 0.0032788574 | D78: =Perhitungan!C$4+Perhitungan!C$3*Return!$B78 -> 0.0068133557 | E78: =Perhitungan!D$4+Perhitungan!D$3*Return!$B78 -> 0.0056799851 | F78: =Perhitungan!E$4+Perhitungan!E$3*Return!$B78 -> 0.0047394903 | G78: =Perhitungan!F$4+Perhitungan!F$3*Return!$B78 -> 0.0067754861 | H78: =Perhitungan!G$4+Perhitungan!G$3*Return!$B78 -> 0.0043045411 | I78: =Perhitungan!H$4+Perhitungan!H$3*Return!$B78 -> 0.00056128764 | J78: =Perhitungan!I$4+Perhitungan!I$3*Return!$B78 -> 0.0015848548 | ... AF78: =Perhitungan!AE$4+Perhitungan!AE$3*Return!$B78 -> 16.518946
A79: 45937 | C79: =Perhitungan!B$4+Perhitungan!B$3*Return!$B79 -> 0.0059624385 | D79: =Perhitungan!C$4+Perhitungan!C$3*Return!$B79 -> 0.0098855692 | E79: =Perhitungan!D$4+Perhitungan!D$3*Return!$B79 -> 0.0087374329 | F79: =Perhitungan!E$4+Perhitungan!E$3*Return!$B79 -> 0.0073856797 | G79: =Perhitungan!F$4+Perhitungan!F$3*Return!$B79 -> 0.0095898713 | H79: =Perhitungan!G$4+Perhitungan!G$3*Return!$B79 -> 0.0064063955 | I79: =Perhitungan!H$4+Perhitungan!H$3*Return!$B79 -> 0.0018853447 | J79: =Perhitungan!I$4+Perhitungan!I$3*Return!$B79 -> 0.0024823008 | ... AF79: =Perhitungan!AE$4+Perhitungan!AE$3*Return!$B79 -> 16.431108
A80: 45968 | C80: =Perhitungan!B$4+Perhitungan!B$3*Return!$B80 -> 0.0035194167 | D80: =Perhitungan!C$4+Perhitungan!C$3*Return!$B80 -> 0.0070887524 | E80: =Perhitungan!D$4+Perhitungan!D$3*Return!$B80 -> 0.0059540581 | F80: =Perhitungan!E$4+Perhitungan!E$3*Return!$B80 -> 0.0049766977 | G80: =Perhitungan!F$4+Perhitungan!F$3*Return!$B80 -> 0.0070277707 | H80: =Perhitungan!G$4+Perhitungan!G$3*Return!$B80 -> 0.0044929538 | I80: =Perhitungan!H$4+Perhitungan!H$3*Return!$B80 -> 0.00067997761 | J80: =Perhitungan!I$4+Perhitungan!I$3*Return!$B80 -> 0.0016653029 | ... AF80: =Perhitungan!AE$4+Perhitungan!AE$3*Return!$B80 -> 16.511072
A81: 07/14/2025 | C81: =Perhitungan!B$4+Perhitungan!B$3*Return!$B81 -> 0.0044198338 | D81: =Perhitungan!C$4+Perhitungan!C$3*Return!$B81 -> 0.0081195666 | E81: =Perhitungan!D$4+Perhitungan!D$3*Return!$B81 -> 0.0069799181 | F81: =Perhitungan!E$4+Perhitungan!E$3*Return!$B81 -> 0.0058645688 | G81: =Perhitungan!F$4+Perhitungan!F$3*Return!$B81 -> 0.0079720763 | H81: =Perhitungan!G$4+Perhitungan!G$3*Return!$B81 -> 0.0051981851 | I81: =Perhitungan!H$4+Perhitungan!H$3*Return!$B81 -> 0.0011242361 | J81: =Perhitungan!I$4+Perhitungan!I$3*Return!$B81 -> 0.0019664213 | ... AF81: =Perhitungan!AE$4+Perhitungan!AE$3*Return!$B81 -> 16.4816
A82: 07/15/2025 | C82: =Perhitungan!B$4+Perhitungan!B$3*Return!$B82 -> 0.0036039973 | D82: =Perhitungan!C$4+Perhitungan!C$3*Return!$B82 -> 0.0071855819 | E82: =Perhitungan!D$4+Perhitungan!D$3*Return!$B82 -> 0.0060504222 | F82: =Perhitungan!E$4+Perhitungan!E$3*Return!$B82 -> 0.0050600998 | G82: =Perhitungan!F$4+Perhitungan!F$3*Return!$B82 -> 0.007116474 | H82: =Perhitungan!G$4+Perhitungan!G$3*Return!$B82 -> 0.0045591996 | I82: =Perhitungan!H$4+Perhitungan!H$3*Return!$B82 -> 0.00072170899 | J82: =Perhitungan!I$4+Perhitungan!I$3*Return!$B82 -> 0.0016935884 | ... AF82: =Perhitungan!AE$4+Perhitungan!AE$3*Return!$B82 -> 16.508304
A83: 07/16/2025 | C83: =Perhitungan!B$4+Perhitungan!B$3*Return!$B83 -> 0.004562243 | D83: =Perhitungan!C$4+Perhitungan!C$3*Return!$B83 -> 0.0082825994 | E83: =Perhitungan!D$4+Perhitungan!D$3*Return!$B83 -> 0.0071421673 | F83: =Perhitungan!E$4+Perhitungan!E$3*Return!$B83 -> 0.0060049939 | G83: =Perhitungan!F$4+Perhitungan!F$3*Return!$B83 -> 0.008121427 | H83: =Perhitungan!G$4+Perhitungan!G$3*Return!$B83 -> 0.005309724 | I83: =Perhitungan!H$4+Perhitungan!H$3*Return!$B83 -> 0.0011944996 | J83: =Perhitungan!I$4+Perhitungan!I$3*Return!$B83 -> 0.002014046 | ... AF83: =Perhitungan!AE$4+Perhitungan!AE$3*Return!$B83 -> 16.476939
A84: 07/17/2025 | C84: =Perhitungan!B$4+Perhitungan!B$3*Return!$B84 -> 0.0097072893 | D84: =Perhitungan!C$4+Perhitungan!C$3*Return!$B84 -> 0.014172744 | E84: =Perhitungan!D$4+Perhitungan!D$3*Return!$B84 -> 0.013004003 | F84: =Perhitungan!E$4+Perhitungan!E$3*Return!$B84 -> 0.011078352 | G84: =Perhitungan!F$4+Perhitungan!F$3*Return!$B84 -> 0.013517255 | H84: =Perhitungan!G$4+Perhitungan!G$3*Return!$B84 -> 0.0093394655 | I84: =Perhitungan!H$4+Perhitungan!H$3*Return!$B84 -> 0.0037330235 | J84: =Perhitungan!I$4+Perhitungan!I$3*Return!$B84 -> 0.0037346577 | ... AF84: =Perhitungan!AE$4+Perhitungan!AE$3*Return!$B84 -> 16.308533
A85: 07/18/2025 | C85: =Perhitungan!B$4+Perhitungan!B$3*Return!$B85 -> 0.0012960522 | D85: =Perhitungan!C$4+Perhitungan!C$3*Return!$B85 -> 0.0045434035 | E85: =Perhitungan!D$4+Perhitungan!D$3*Return!$B85 -> 0.0034209427 | F85: =Perhitungan!E$4+Perhitungan!E$3*Return!$B85 -> 0.0027843124 | G85: =Perhitungan!F$4+Perhitungan!F$3*Return!$B85 -> 0.0046960342 | H85: =Perhitungan!G$4+Perhitungan!G$3*Return!$B85 -> 0.0027515537 | I85: =Perhitungan!H$4+Perhitungan!H$3*Return!$B85 -> -0.00041701229 | J85: =Perhitungan!I$4+Perhitungan!I$3*Return!$B85 -> 0.00092176298 | ... AF85: =Perhitungan!AE$4+Perhitungan!AE$3*Return!$B85 -> 16.583847
A86: 07/21/2025 | C86: =Perhitungan!B$4+Perhitungan!B$3*Return!$B86 -> 0.0084956531 | D86: =Perhitungan!C$4+Perhitungan!C$3*Return!$B86 -> 0.01278564 | E86: =Perhitungan!D$4+Perhitungan!D$3*Return!$B86 -> 0.011623566 | F86: =Perhitungan!E$4+Perhitungan!E$3*Return!$B86 -> 0.0098835978 | G86: =Perhitungan!F$4+Perhitungan!F$3*Return!$B86 -> 0.012246561 | H86: =Perhitungan!G$4+Perhitungan!G$3*Return!$B86 -> 0.0083904788 | I86: =Perhitungan!H$4+Perhitungan!H$3*Return!$B86 -> 0.0031352121 | J86: =Perhitungan!I$4+Perhitungan!I$3*Return!$B86 -> 0.0033294611 | ... AF86: =Perhitungan!AE$4+Perhitungan!AE$3*Return!$B86 -> 16.348192
A87: 07/22/2025 | C87: =Perhitungan!B$4+Perhitungan!B$3*Return!$B87 -> -0.007845087 | D87: =Perhitungan!C$4+Perhitungan!C$3*Return!$B87 -> -0.0059215423 | E87: =Perhitungan!D$4+Perhitungan!D$3*Return!$B87 -> -0.0069937067 | F87: =Perhitungan!E$4+Perhitungan!E$3*Return!$B87 -> -0.0062294588 | G87: =Perhitungan!F$4+Perhitungan!F$3*Return!$B87 -> -0.0048906659 | H87: =Perhitungan!G$4+Perhitungan!G$3*Return!$B87 -> -0.0044080375 | I87: =Perhitungan!H$4+Perhitungan!H$3*Return!$B87 -> -0.0049271759 | J87: =Perhitungan!I$4+Perhitungan!I$3*Return!$B87 -> -0.0021352264 | ... AF87: =Perhitungan!AE$4+Perhitungan!AE$3*Return!$B87 -> 16.883052
A88: 07/23/2025 | C88: =Perhitungan!B$4+Perhitungan!B$3*Return!$B88 -> 0.012920294 | D88: =Perhitungan!C$4+Perhitungan!C$3*Return!$B88 -> 0.017851051 | E88: =Perhitungan!D$4+Perhitungan!D$3*Return!$B88 -> 0.016664631 | F88: =Perhitungan!E$4+Perhitungan!E$3*Return!$B88 -> 0.014246588 | G88: =Perhitungan!F$4+Perhitungan!F$3*Return!$B88 -> 0.016886869 | H88: =Perhitungan!G$4+Perhitungan!G$3*Return!$B88 -> 0.011855979 | I88: =Perhitungan!H$4+Perhitungan!H$3*Return!$B88 -> 0.0053182937 | J88: =Perhitungan!I$4+Perhitungan!I$3*Return!$B88 -> 0.004809154 | ... AF88: =Perhitungan!AE$4+Perhitungan!AE$3*Return!$B88 -> 16.203366
A89: 07/24/2025 | C89: =Perhitungan!B$4+Perhitungan!B$3*Return!$B89 -> 0.0054531216 | D89: =Perhitungan!C$4+Perhitungan!C$3*Return!$B89 -> 0.0093024938 | E89: =Perhitungan!D$4+Perhitungan!D$3*Return!$B89 -> 0.0081571598 | F89: =Perhitungan!E$4+Perhitungan!E$3*Return!$B89 -> 0.0068834594 | G89: =Perhitungan!F$4+Perhitungan!F$3*Return!$B89 -> 0.0090557291 | H89: =Perhitungan!G$4+Perhitungan!G$3*Return!$B89 -> 0.0060074846 | I89: =Perhitungan!H$4+Perhitungan!H$3*Return!$B89 -> 0.0016340519 | J89: =Perhitungan!I$4+Perhitungan!I$3*Return!$B89 -> 0.0023119745 | ... AF89: =Perhitungan!AE$4+Perhitungan!AE$3*Return!$B89 -> 16.447779
A90: 07/25/2025 | C90: =Perhitungan!B$4+Perhitungan!B$3*Return!$B90 -> -0.00020195801 | D90: =Perhitungan!C$4+Perhitungan!C$3*Return!$B90 -> 0.0028284536 | E90: =Perhitungan!D$4+Perhitungan!D$3*Return!$B90 -> 0.0017142351 | F90: =Perhitungan!E$4+Perhitungan!E$3*Return!$B90 -> 0.0013071747 | G90: =Perhitungan!F$4+Perhitungan!F$3*Return!$B90 -> 0.0031250074 | H90: =Perhitungan!G$4+Perhitungan!G$3*Return!$B90 -> 0.0015782709 | I90: =Perhitungan!H$4+Perhitungan!H$3*Return!$B90 -> -0.0011561183 | J90: =Perhitungan!I$4+Perhitungan!I$3*Return!$B90 -> 0.00042079683 | ... AF90: =Perhitungan!AE$4+Perhitungan!AE$3*Return!$B90 -> 16.632879
A91: 07/28/2025 | C91: =Perhitungan!B$4+Perhitungan!B$3*Return!$B91 -> 0.0064764565 | D91: =Perhitungan!C$4+Perhitungan!C$3*Return!$B91 -> 0.010474027 | E91: =Perhitungan!D$4+Perhitungan!D$3*Return!$B91 -> 0.009323062 | F91: =Perhitungan!E$4+Perhitungan!E$3*Return!$B91 -> 0.0078925357 | G91: =Perhitungan!F$4+Perhitungan!F$3*Return!$B91 -> 0.010128944 | H91: =Perhitungan!G$4+Perhitungan!G$3*Return!$B91 -> 0.0068089886 | I91: =Perhitungan!H$4+Perhitungan!H$3*Return!$B91 -> 0.002138957 | J91: =Perhitungan!I$4+Perhitungan!I$3*Return!$B91 -> 0.0026541993 | ... AF91: =Perhitungan!AE$4+Perhitungan!AE$3*Return!$B91 -> 16.414283
A92: 07/29/2025 | C92: =Perhitungan!B$4+Perhitungan!B$3*Return!$B92 -> -0.0012849253 | D92: =Perhitungan!C$4+Perhitungan!C$3*Return!$B92 -> 0.0015886526 | E92: =Perhitungan!D$4+Perhitungan!D$3*Return!$B92 -> 0.0004803928 | F92: =Perhitungan!E$4+Perhitungan!E$3*Return!$B92 -> 0.00023929695 | G92: =Perhitungan!F$4+Perhitungan!F$3*Return!$B92 -> 0.0019892537 | H92: =Perhitungan!G$4+Perhitungan!G$3*Return!$B92 -> 0.00073006122 | I92: =Perhitungan!H$4+Perhitungan!H$3*Return!$B92 -> -0.0016904456 | J92: =Perhitungan!I$4+Perhitungan!I$3*Return!$B92 -> 5.862977e-05 | ... AF92: =Perhitungan!AE$4+Perhitungan!AE$3*Return!$B92 -> 16.668327
... A94: 07/31/2025 | C94: =Perhitungan!B$4+Perhitungan!B$3*Return!$B94 -> -0.0090970644 | D94: =Perhitungan!C$4+Perhitungan!C$3*Return!$B94 -> -0.0073548292 | E94: =Perhitungan!D$4+Perhitungan!D$3*Return!$B94 -> -0.008420105 | F94: =Perhitungan!E$4+Perhitungan!E$3*Return!$B94 -> -0.0074639918 | G94: =Perhitungan!F$4+Perhitungan!F$3*Return!$B94 -> -0.0062036677 | H94: =Perhitungan!G$4+Perhitungan!G$3*Return!$B94 -> -0.0053886206 | I94: =Perhitungan!H$4+Perhitungan!H$3*Return!$B94 -> -0.0055448913 | J94: =Perhitungan!I$4+Perhitungan!I$3*Return!$B94 -> -0.002553914 | ... AF94: =Perhitungan!AE$4+Perhitungan!AE$3*Return!$B94 -> 16.924031
A95: 45665 | C95: =Perhitungan!B$4+Perhitungan!B$3*Return!$B95 -> 0.0044930889 | D95: =Perhitungan!C$4+Perhitungan!C$3*Return!$B95 -> 0.0082034305 | E95: =Perhitungan!D$4+Perhitungan!D$3*Return!$B95 -> 0.0070633788 | F95: =Perhitungan!E$4+Perhitungan!E$3*Return!$B95 -> 0.0059368033 | G95: =Perhitungan!F$4+Perhitungan!F$3*Return!$B95 -> 0.0080489021 | H95: =Perhitungan!G$4+Perhitungan!G$3*Return!$B95 -> 0.0052555606 | I95: =Perhitungan!H$4+Perhitungan!H$3*Return!$B95 -> 0.0011603795 | J95: =Perhitungan!I$4+Perhitungan!I$3*Return!$B95 -> 0.0019909193 | ... AF95: =Perhitungan!AE$4+Perhitungan!AE$3*Return!$B95 -> 16.479202
A96: 45755 | C96: =Perhitungan!B$4+Perhitungan!B$3*Return!$B96 -> -0.0099717152 | D96: =Perhitungan!C$4+Perhitungan!C$3*Return!$B96 -> -0.0083561457 | E96: =Perhitungan!D$4+Perhitungan!D$3*Return!$B96 -> -0.009416609 | F96: =Perhitungan!E$4+Perhitungan!E$3*Return!$B96 -> -0.0083264557 | G96: =Perhitungan!F$4+Perhitungan!F$3*Return!$B96 -> -0.0071209511 | H96: =Perhitungan!G$4+Perhitungan!G$3*Return!$B96 -> -0.0060736712 | I96: =Perhitungan!H$4+Perhitungan!H$3*Return!$B96 -> -0.0059764369 | J96: =Perhitungan!I$4+Perhitungan!I$3*Return!$B96 -> -0.0028464157 | ... AF96: =Perhitungan!AE$4+Perhitungan!AE$3*Return!$B96 -> 16.95266
A97: 45785 | C97: =Perhitungan!B$4+Perhitungan!B$3*Return!$B97 -> 0.0041767007 | D97: =Perhitungan!C$4+Perhitungan!C$3*Return!$B97 -> 0.0078412234 | E97: =Perhitungan!D$4+Perhitungan!D$3*Return!$B97 -> 0.0067029126 | F97: =Perhitungan!E$4+Perhitungan!E$3*Return!$B97 -> 0.0056248235 | G97: =Perhitungan!F$4+Perhitungan!F$3*Return!$B97 -> 0.0077170924 | H97: =Perhitungan!G$4+Perhitungan!G$3*Return!$B97 -> 0.0050077567 | I97: =Perhitungan!H$4+Perhitungan!H$3*Return!$B97 -> 0.0010042762 | J97: =Perhitungan!I$4+Perhitungan!I$3*Return!$B97 -> 0.0018851125 | ... AF97: =Perhitungan!AE$4+Perhitungan!AE$3*Return!$B97 -> 16.489558
A98: 45816 | C98: =Perhitungan!B$4+Perhitungan!B$3*Return!$B98 -> -0.0029467261 | D98: =Perhitungan!C$4+Perhitungan!C$3*Return!$B98 -> -0.00031380781 | E98: =Perhitungan!D$4+Perhitungan!D$3*Return!$B98 -> -0.001412924 | F98: =Perhitungan!E$4+Perhitungan!E$3*Return!$B98 -> -0.0013993492 | G98: =Perhitungan!F$4+Perhitungan!F$3*Return!$B98 -> 0.00024645277 | H98: =Perhitungan!G$4+Perhitungan!G$3*Return!$B98 -> -0.0005715068 | I98: =Perhitungan!H$4+Perhitungan!H$3*Return!$B98 -> -0.0025103645 | J98: =Perhitungan!I$4+Perhitungan!I$3*Return!$B98 -> -0.0004971114 | ... AF98: =Perhitungan!AE$4+Perhitungan!AE$3*Return!$B98 -> 16.72272
A99: 45846 | C99: =Perhitungan!B$4+Perhitungan!B$3*Return!$B99 -> -0.0031925498 | D99: =Perhitungan!C$4+Perhitungan!C$3*Return!$B99 -> -0.00059523137 | E99: =Perhitungan!D$4+Perhitungan!D$3*Return!$B99 -> -0.001692995 | F99: =Perhitungan!E$4+Perhitungan!E$3*Return!$B99 -> -0.0016417477 | G99: =Perhitungan!F$4+Perhitungan!F$3*Return!$B99 -> -1.135299e-05 | H99: =Perhitungan!G$4+Perhitungan!G$3*Return!$B99 -> -0.00076404269 | I99: =Perhitungan!H$4+Perhitungan!H$3*Return!$B99 -> -0.0026316519 | J99: =Perhitungan!I$4+Perhitungan!I$3*Return!$B99 -> -0.00057932003 | ... AF99: =Perhitungan!AE$4+Perhitungan!AE$3*Return!$B99 -> 16.730767
A100: 45877 | C100: =Perhitungan!B$4+Perhitungan!B$3*Return!$B100 -> 0.0033151142 | D100: =Perhitungan!C$4+Perhitungan!C$3*Return!$B100 -> 0.0068548632 | E100: =Perhitungan!D$4+Perhitungan!D$3*Return!$B100 -> 0.005721293 | F100: =Perhitungan!E$4+Perhitungan!E$3*Return!$B100 -> 0.0047752419 | G100: =Perhitungan!F$4+Perhitungan!F$3*Return!$B100 -> 0.0068135101 | H100: =Perhitungan!G$4+Perhitungan!G$3*Return!$B100 -> 0.0043329384 | I100: =Perhitungan!H$4+Perhitungan!H$3*Return!$B100 -> 0.00057917644 | J100: =Perhitungan!I$4+Perhitungan!I$3*Return!$B100 -> 0.0015969798 | ... AF100: =Perhitungan!AE$4+Perhitungan!AE$3*Return!$B100 -> 16.51776
A101: 45969 | C101: =Perhitungan!B$4+Perhitungan!B$3*Return!$B101 -> 0.0066321692 | D101: =Perhitungan!C$4+Perhitungan!C$3*Return!$B101 -> 0.010652289 | E101: =Perhitungan!D$4+Perhitungan!D$3*Return!$B101 -> 0.009500468 | F101: =Perhitungan!E$4+Perhitungan!E$3*Return!$B101 -> 0.0080460787 | G101: =Perhitungan!F$4+Perhitungan!F$3*Return!$B101 -> 0.010292246 | H101: =Perhitungan!G$4+Perhitungan!G$3*Return!$B101 -> 0.006930947 | I101: =Perhitungan!H$4+Perhitungan!H$3*Return!$B101 -> 0.0022157843 | J101: =Perhitungan!I$4+Perhitungan!I$3*Return!$B101 -> 0.0027062728 | ... AF101: =Perhitungan!AE$4+Perhitungan!AE$3*Return!$B101 -> 16.409187
...

Sheet Residual
A1: Date | B1: IHSG(return) | C1: BBCA | D1: BBRI | E1: BMRI | F1: BBNI | G1: TLKM | H1: ASII | I1: ICBP | J1: INDF | K1: ADRO | L1: ITMG | M1: ANTM | N1: MDKA | O1: PGAS | P1: TOWR | Q1: EXCL | R1: KLBF | S1: CPIN | T1: JPFA | U1: SMGR | V1: UNTR | W1: BRPT | X1: AKRA | Y1: AMRT | Z1: ACES | AA1: MAPI | AB1: GOTO | AC1: BUKA | AD1: SMRA | AE1: PWON | AF1: CTRA
A2: 45719
A3: 45750 | B3: =('Data Saham'!B3-'Data Saham'!B2)/'Data Saham'!B2 -> -0.02136001 | C3: =Return!C3-'Return Estimasi'!C3 -> 0.025668909 | D3: =Return!D3-'Return Estimasi'!D3 -> 0.019821933 | E3: =Return!E3-'Return Estimasi'!E3 -> 0.0085823917 | F3: =Return!F3-'Return Estimasi'!F3 -> 0.0088126105 | G3: =Return!G3-'Return Estimasi'!G3 -> 0.0092911662 | H3: =Return!H3-'Return Estimasi'!H3 -> 0.01605474 | I3: =Return!I3-'Return Estimasi'!I3 -> 0.010917941 | J3: =Return!J3-'Return Estimasi'!J3 -> 0.0027944074 | ... AF3: =Return!AF3-'Return Estimasi'!AF3 -> -17.292676
A4: 45780 | B4: =('Data Saham'!B4-'Data Saham'!B3)/'Data Saham'!B3 -> 0.023666228 | C4: =Return!C4-'Return Estimasi'!C4 -> -0.00174068 | D4: =Return!D4-'Return Estimasi'!D4 -> 0.0218654 | E4: =Return!E4-'Return Estimasi'!E4 -> -0.01910573 | F4: =Return!F4-'Return Estimasi'!F4 -> 0.036936301 | G4: =Return!G4-'Return Estimasi'!G4 -> 0.0064741358 | H4: =Return!H4-'Return Estimasi'!H4 -> 0.028401279 | I4: =Return!I4-'Return Estimasi'!I4 -> -0.024713401 | J4: =Return!J4-'Return Estimasi'!J4 -> 0.0069132678 | ... AF4: =Return!AF4-'Return Estimasi'!AF4 -> -15.983655
A5: 45811 | B5: =('Data Saham'!B5-'Data Saham'!B4)/'Data Saham'!B4 -> 0.01323606 | C5: =Return!C5-'Return Estimasi'!C5 -> -0.012508238 | D5: =Return!D5-'Return Estimasi'!D5 -> 0.014446563 | E5: =Return!E5-'Return Estimasi'!E5 -> -0.010972789 | F5: =Return!F5-'Return Estimasi'!F5 -> 0.018046782 | G5: =Return!G5-'Return Estimasi'!G5 -> -0.033949719 | H5: =Return!H5-'Return Estimasi'!H5 -> -0.0093576139 | I5: =Return!I5-'Return Estimasi'!I5 -> -0.0085521484 | J5: =Return!J5-'Return Estimasi'!J5 -> -0.020577424 | ... AF5: =Return!AF5-'Return Estimasi'!AF5 -> -16.265858
A6: 45841 | B6: =('Data Saham'!B6-'Data Saham'!B5)/'Data Saham'!B5 -> 0.0027425826 | C6: =Return!C6-'Return Estimasi'!C6 -> -0.0062877377 | D6: =Return!D6-'Return Estimasi'!D6 -> -0.039323196 | E6: =Return!E6-'Return Estimasi'!E6 -> -0.0089210495 | F6: =Return!F6-'Return Estimasi'!F6 -> -0.013106286 | G6: =Return!G6-'Return Estimasi'!G6 -> 7.8216277e-05 | H6: =Return!H6-'Return Estimasi'!H6 -> 0.0038246543 | I6: =Return!I6-'Return Estimasi'!I6 -> 0.020026528 | J6: =Return!J6-'Return Estimasi'!J6 -> -0.0075773328 | ... AF6: =Return!AF6-'Return Estimasi'!AF6 -> -16.591316
A7: 45933 | B7: =('Data Saham'!B7-'Data Saham'!B6)/'Data Saham'!B6 -> -0.0056946956 | C7: =Return!C7-'Return Estimasi'!C7 -> 0.0065307996 | D7: =Return!D7-'Return Estimasi'!D7 -> -0.0087064378 | E7: =Return!E7-'Return Estimasi'!E7 -> -0.021363186 | F7: =Return!F7-'Return Estimasi'!F7 -> -0.014890304 | G7: =Return!G7-'Return Estimasi'!G7 -> -0.0047864381 | H7: =Return!H7-'Return Estimasi'!H7 -> -0.029075709 | I7: =Return!I7-'Return Estimasi'!I7 -> 0.0090180537 | J7: =Return!J7-'Return Estimasi'!J7 -> 0.043075011 | ... AF7: =Return!AF7-'Return Estimasi'!AF7 -> -16.857079
A8: 45964 | B8: =('Data Saham'!B8-'Data Saham'!B7)/'Data Saham'!B7 -> -0.0079354855 | C8: =Return!C8-'Return Estimasi'!C8 -> 0.0084556076 | D8: =Return!D8-'Return Estimasi'!D8 -> 0.014599201 | E8: =Return!E8-'Return Estimasi'!E8 -> 0.01405871 | F8: =Return!F8-'Return Estimasi'!F8 -> 0.0068314728 | G8: =Return!G8-'Return Estimasi'!G8 -> -0.0028372561 | H8: =Return!H8-'Return Estimasi'!H8 -> 0.011175522 | I8: =Return!I8-'Return Estimasi'!I8 -> -0.011281032 | J8: =Return!J8-'Return Estimasi'!J8 -> -0.034084444 | ... AF8: =Return!AF8-'Return Estimasi'!AF8 -> -16.931937
A9: 45994 | B9: =('Data Saham'!B9-'Data Saham'!B8)/'Data Saham'!B8 -> 0.018208483 | C9: =Return!C9-'Return Estimasi'!C9 -> 0.0084072591 | D9: =Return!D9-'Return Estimasi'!D9 -> 0.0072961542 | E9: =Return!E9-'Return Estimasi'!E9 -> 0.011639165 | F9: =Return!F9-'Return Estimasi'!F9 -> 0.0026645973 | G9: =Return!G9-'Return Estimasi'!G9 -> 0.015734284 | H9: =Return!H9-'Return Estimasi'!H9 -> -0.010619636 | I9: =Return!I9-'Return Estimasi'!I9 -> 0.042109778 | J9: =Return!J9-'Return Estimasi'!J9 -> 0.022320608 | ... AF9: =Return!AF9-'Return Estimasi'!AF9 -> -16.162017
A10: 03/13/2025 | B10: =('Data Saham'!B10-'Data Saham'!B9)/'Data Saham'!B9 -> -0.002643645 | C10: =Return!C10-'Return Estimasi'!C10 -> -0.012528367 | D10: =Return!D10-'Return Estimasi'!D10 -> -0.021719678 | E10: =Return!E10-'Return Estimasi'!E10 -> -0.026178139 | F10: =Return!F10-'Return Estimasi'!F10 -> 0.0023491904 | G10: =Return!G10-'Return Estimasi'!G10 -> -0.0073995035 | H10: =Return!H10-'Return Estimasi'!H10 -> -0.015306056 | I10: =Return!I10-'Return Estimasi'!I10 -> 0.0098506191 | J10: =Return!J10-'Return Estimasi'!J10 -> -0.022592124 | ... AF10: =Return!AF10-'Return Estimasi'!AF10 -> -16.766084
A11: 03/14/2025 | B11: =('Data Saham'!B11-'Data Saham'!B10)/'Data Saham'!B10 -> -0.019825737 | C11: =Return!C11-'Return Estimasi'!C11 -> -0.0064004668 | D11: =Return!D11-'Return Estimasi'!D11 -> 0.00515526 | E11: =Return!E11-'Return Estimasi'!E11 -> 0.019325763 | F11: =Return!F11-'Return Estimasi'!F11 -> -0.0051723294 | G11: =Return!G11-'Return Estimasi'!G11 -> 0.012127115 | H11: =Return!H11-'Return Estimasi'!H11 -> -0.010370056 | I11: =Return!I11-'Return Estimasi'!I11 -> -0.012459582 | J11: =Return!J11-'Return Estimasi'!J11 -> -0.01136826 | ... AF11: =Return!AF11-'Return Estimasi'!AF11 -> -17.243331
A12: 03/17/2025 | B12: =('Data Saham'!B12-'Data Saham'!B11)/'Data Saham'!B11 -> -0.0067038797 | C12: =Return!C12-'Return Estimasi'!C12 -> -0.0097451821 | D12: =Return!D12-'Return Estimasi'!D12 -> 0.02674267 | E12: =Return!E12-'Return Estimasi'!E12 -> -0.0061742649 | F12: =Return!F12-'Return Estimasi'!F12 -> -0.016785083 | G12: =Return!G12-'Return Estimasi'!G12 -> 0.0044214461 | H12: =Return!H12-'Return Estimasi'!H12 -> 0.0040576122 | I12: =Return!I12-'Return Estimasi'!I12 -> 0.023311078 | J12: =Return!J12-'Return Estimasi'!J12 -> 0.015922885 | ... AF12: =Return!AF12-'Return Estimasi'!AF12 -> -16.844311
A13: 03/18/2025 | B13: =('Data Saham'!B13-'Data Saham'!B12)/'Data Saham'!B12 -> -0.038405736 | C13: =Return!C13-'Return Estimasi'!C13 -> -0.00025458482 | D13: =Return!D13-'Return Estimasi'!D13 -> -0.002580072 | E13: =Return!E13-'Return Estimasi'!E13 -> 0.0054579298 | F13: =Return!F13-'Return Estimasi'!F13 -> 0.00030774946 | G13: =Return!G13-'Return Estimasi'!G13 -> 0.032980234 | H13: =Return!H13-'Return Estimasi'!H13 -> 0.031879547 | I13: =Return!I13-'Return Estimasi'!I13 -> 0.0067266823 | J13: =Return!J13-'Return Estimasi'!J13 -> -0.016399033 | ... AF13: =Return!AF13-'Return Estimasi'!AF13 -> -17.812681
A14: 03/19/2025 | B14: =('Data Saham'!B14-'Data Saham'!B13)/'Data Saham'!B13 -> 0.014183588 | C14: =Return!C14-'Return Estimasi'!C14 -> -0.0075323263 | D14: =Return!D14-'Return Estimasi'!D14 -> -0.0069788806 | E14: =Return!E14-'Return Estimasi'!E14 -> 0.019154875 | F14: =Return!F14-'Return Estimasi'!F14 -> -0.016677043 | G14: =Return!G14-'Return Estimasi'!G14 -> -0.01026291 | H14: =Return!H14-'Return Estimasi'!H14 -> -0.0013929431 | I14: =Return!I14-'Return Estimasi'!I14 -> -0.01338391 | J14: =Return!J14-'Return Estimasi'!J14 -> 0.013653248 | ... AF14: =Return!AF14-'Return Estimasi'!AF14 -> -16.274922
A15: 03/20/2025 | B15: =('Data Saham'!B15-'Data Saham'!B14)/'Data Saham'!B14 -> 0.011092169 | C15: =Return!C15-'Return Estimasi'!C15 -> -0.0018828818 | D15: =Return!D15-'Return Estimasi'!D15 -> -0.025568093 | E15: =Return!E15-'Return Estimasi'!E15 -> -0.023752781 | F15: =Return!F15-'Return Estimasi'!F15 -> -0.030868021 | G15: =Return!G15-'Return Estimasi'!G15 -> -0.028071126 | H15: =Return!H15-'Return Estimasi'!H15 -> -0.0036508512 | I15: =Return!I15-'Return Estimasi'!I15 -> -0.014490851 | J15: =Return!J15-'Return Estimasi'!J15 -> -0.027432102 | ... AF15: =Return!AF15-'Return Estimasi'!AF15 -> -16.392744
A16: 03/21/2025 | B16: =('Data Saham'!B16-'Data Saham'!B15)/'Data Saham'!B15 -> -0.019350734 | C16: =Return!C16-'Return Estimasi'!C16 -> -0.038455268 | D16: =Return!D16-'Return Estimasi'!D16 -> 0.028775007 | E16: =Return!E16-'Return Estimasi'!E16 -> -0.026593648 | F16: =Return!F16-'Return Estimasi'!F16 -> -0.059480002 | G16: =Return!G16-'Return Estimasi'!G16 -> -0.01765837 | H16: =Return!H16-'Return Estimasi'!H16 -> 0.040167034 | I16: =Return!I16-'Return Estimasi'!I16 -> 0.0077078861 | J16: =Return!J16-'Return Estimasi'!J16 -> -0.0014988605 | ... AF16: =Return!AF16-'Return Estimasi'!AF16 -> -17.293608
A17: 03/24/2025 | B17: =('Data Saham'!B17-'Data Saham'!B16)/'Data Saham'!B16 -> -0.015493322 | C17: =Return!C17-'Return Estimasi'!C17 -> 0.0212768 | D17: =Return!D17-'Return Estimasi'!D17 -> -0.010271595 | E17: =Return!E17-'Return Estimasi'!E17 -> 0.026423683 | F17: =Return!F17-'Return Estimasi'!F17 -> -2.9505359e-05 | G17: =Return!G17-'Return Estimasi'!G17 -> 0.020997471 | H17: =Return!H17-'Return Estimasi'!H17 -> -0.021020747 | I17: =Return!I17-'Return Estimasi'!I17 -> -0.0057528567 | J17: =Return!J17-'Return Estimasi'!J17 -> -0.020579121 | ... AF17: =Return!AF17-'Return Estimasi'!AF17 -> -17.13594
A18: 03/25/2025 | B18: =('Data Saham'!B18-'Data Saham'!B17)/'Data Saham'!B17 -> 0.01207553 | C18: =Return!C18-'Return Estimasi'!C18 -> 0.0038450345 | D18: =Return!D18-'Return Estimasi'!D18 -> 0.039573553 | E18: =Return!E18-'Return Estimasi'!E18 -> 0.050885627 | F18: =Return!F18-'Return Estimasi'!F18 -> 0.038268885 | G18: =Return!G18-'Return Estimasi'!G18 -> -0.0082042413 | H18: =Return!H18-'Return Estimasi'!H18 -> -0.017105616 | I18: =Return!I18-'Return Estimasi'!I18 -> -0.0080487673 | J18: =Return!J18-'Return Estimasi'!J18 -> -0.0034090295 | ... AF18: =Return!AF18-'Return Estimasi'!AF18 -> -16.305682
A19: 03/26/2025 | B19: =('Data Saham'!B19-'Data Saham'!B18)/'Data Saham'!B18 -> 0.037965752 | C19: =Return!C19-'Return Estimasi'!C19 -> 0.028033283 | D19: =Return!D19-'Return Estimasi'!D19 -> 0.014113537 | E19: =Return!E19-'Return Estimasi'!E19 -> 0.049265598 | F19: =Return!F19-'Return Estimasi'!F19 -> 0.057695904 | G19: =Return!G19-'Return Estimasi'!G19 -> 0.0069156108 | H19: =Return!H19-'Return Estimasi'!H19 -> 0.0062627667 | I19: =Return!I19-'Return Estimasi'!I19 -> 0.0026421534 | J19: =Return!J19-'Return Estimasi'!J19 -> 0.0075360179 | ... AF19: =Return!AF19-'Return Estimasi'!AF19 -> -15.578915
A20: 03/27/2025 | B20: =('Data Saham'!B20-'Data Saham'!B19)/'Data Saham'!B19 -> 0.0059112905 | C20: =Return!C20-'Return Estimasi'!C20 -> -0.0063711352 | D20: =Return!D20-'Return Estimasi'!D20 -> 0.0055037864 | E20: =Return!E20-'Return Estimasi'!E20 -> 0.0038467738 | F20: =Return!F20-'Return Estimasi'!F20 -> -0.0072499324 | G20: =Return!G20-'Return Estimasi'!G20 -> -0.01923808 | H20: =Return!H20-'Return Estimasi'!H20 -> 0.020570357 | I20: =Return!I20-'Return Estimasi'!I20 -> -0.036185119 | J20: =Return!J20-'Return Estimasi'!J20 -> 0.023632487 | ... AF20: =Return!AF20-'Return Estimasi'!AF20 -> -16.539692
A21: 45873 | B21: =('Data Saham'!B21-'Data Saham'!B20)/'Data Saham'!B20 -> -0.07902166 | C21: =Return!C21-'Return Estimasi'!C21 -> -0.015776457 | D21: =Return!D21-'Return Estimasi'!D21 -> -0.024709119 | E21: =Return!E21-'Return Estimasi'!E21 -> -0.024664799 | F21: =Return!F21-'Return Estimasi'!F21 -> 0.017514417 | G21: =Return!G21-'Return Estimasi'!G21 -> 0.019776777 | H21: =Return!H21-'Return Estimasi'!H21 -> -0.036719204 | I21: =Return!I21-'Return Estimasi'!I21 -> -0.011327126 | J21: =Return!J21-'Return Estimasi'!J21 -> 0.03684434 | ... AF21: =Return!AF21-'Return Estimasi'!AF21 -> -18.9417
A22: 45904 | B22: =('Data Saham'!B22-'Data Saham'!B21)/'Data Saham'!B21 -> -0.0046946869 | C22: =Return!C22-'Return Estimasi'!C22 -> 0.02496441 | D22: =Return!D22-'Return Estimasi'!D22 -> 0.00068627694 | E22: =Return!E22-'Return Estimasi'!E22 -> 0.013082962 | F22: =Return!F22-'Return Estimasi'!F22 -> 0.0065678487 | G22: =Return!G22-'Return Estimasi'!G22 -> 0.015711891 | H22: =Return!H22-'Return Estimasi'!H22 -> 0.033955864 | I22: =Return!I22-'Return Estimasi'!I22 -> -0.0090317013 | J22: =Return!J22-'Return Estimasi'!J22 -> -0.071508231 | ... AF22: =Return!AF22-'Return Estimasi'!AF22 -> -16.777195
A23: 45934 | B23: =('Data Saham'!B23-'Data Saham'!B22)/'Data Saham'!B22 -> 0.047927359 | C23: =Return!C23-'Return Estimasi'!C23 -> -0.0016749233 | D23: =Return!D23-'Return Estimasi'!D23 -> -0.0014821666 | E23: =Return!E23-'Return Estimasi'!E23 -> 0.019897689 | F23: =Return!F23-'Return Estimasi'!F23 -> 0.013970102 | G23: =Return!G23-'Return Estimasi'!G23 -> -0.031862365 | H23: =Return!H23-'Return Estimasi'!H23 -> -0.013216765 | I23: =Return!I23-'Return Estimasi'!I23 -> 0.025939209 | J23: =Return!J23-'Return Estimasi'!J23 -> 0.046217156 | ... AF23: =Return!AF23-'Return Estimasi'!AF23 -> -15.265277
A24: 45965 | B24: =('Data Saham'!B24-'Data Saham'!B23)/'Data Saham'!B23 -> 0.0013127556 | C24: =Return!C24-'Return Estimasi'!C24 -> 0.0065905221 | D24: =Return!D24-'Return Estimasi'!D24 -> -0.047210932 | E24: =Return!E24-'Return Estimasi'!E24 -> 0.013563798 | F24: =Return!F24-'Return Estimasi'!F24 -> 0.029514481 | G24: =Return!G24-'Return Estimasi'!G24 -> -0.011311021 | H24: =Return!H24-'Return Estimasi'!H24 -> -0.0013358333 | I24: =Return!I24-'Return Estimasi'!I24 -> -0.0061911588 | J24: =Return!J24-'Return Estimasi'!J24 -> -0.025052264 | ... AF24: =Return!AF24-'Return Estimasi'!AF24 -> -16.6493
A25: 04/14/2025 | B25: =('Data Saham'!B25-'Data Saham'!B24)/'Data Saham'!B24 -> 0.016973187 | C25: =Return!C25-'Return Estimasi'!C25 -> 0.0021651384 | D25: =Return!D25-'Return Estimasi'!D25 -> -0.0013453744 | E25: =Return!E25-'Return Estimasi'!E25 -> -0.085315219 | F25: =Return!F25-'Return Estimasi'!F25 -> 0.022179856 | G25: =Return!G25-'Return Estimasi'!G25 -> 0.026010288 | H25: =Return!H25-'Return Estimasi'!H25 -> 0.034837245 | I25: =Return!I25-'Return Estimasi'!I25 -> 0.034973953 | J25: =Return!J25-'Return Estimasi'!J25 -> 0.02779275 | ... AF25: =Return!AF25-'Return Estimasi'!AF25 -> -16.13941
A26: 04/15/2025 | B26: =('Data Saham'!B26-'Data Saham'!B25)/'Data Saham'!B25 -> 0.011487755 | C26: =Return!C26-'Return Estimasi'!C26 -> 0.012604642 | D26: =Return!D26-'Return Estimasi'!D26 -> -0.012480017 | E26: =Return!E26-'Return Estimasi'!E26 -> -0.019740464 | F26: =Return!F26-'Return Estimasi'!F26 -> -0.068961015 | G26: =Return!G26-'Return Estimasi'!G26 -> -0.0037361338 | H26: =Return!H26-'Return Estimasi'!H26 -> -0.020351772 | I26: =Return!I26-'Return Estimasi'!I26 -> 0.01152435 | J26: =Return!J26-'Return Estimasi'!J26 -> 0.02132122 | ... AF26: =Return!AF26-'Return Estimasi'!AF26 -> -16.350977
A27: 04/16/2025 | B27: =('Data Saham'!B27-'Data Saham'!B26)/'Data Saham'!B26 -> -0.0064625998 | C27: =Return!C27-'Return Estimasi'!C27 -> -0.0044713887 | D27: =Return!D27-'Return Estimasi'!D27 -> -0.0056680423 | E27: =Return!E27-'Return Estimasi'!E27 -> -0.010737305 | F27: =Return!F27-'Return Estimasi'!F27 -> -0.036472162 | G27: =Return!G27-'Return Estimasi'!G27 -> 0.016448986 | H27: =Return!H27-'Return Estimasi'!H27 -> -0.014585209 | I27: =Return!I27-'Return Estimasi'!I27 -> -0.016875546 | J27: =Return!J27-'Return Estimasi'!J27 -> 0.015614922 | ... AF27: =Return!AF27-'Return Estimasi'!AF27 -> -16.897127
A28: 04/17/2025 | B28: =('Data Saham'!B28-'Data Saham'!B27)/'Data Saham'!B27 -> 0.0059718283 | C28: =Return!C28-'Return Estimasi'!C28 -> -0.00054073257 | D28: =Return!D28-'Return Estimasi'!D28 -> -0.0097954715 | E28: =Return!E28-'Return Estimasi'!E28 -> -0.012400691 | F28: =Return!F28-'Return Estimasi'!F28 -> -0.019582414 | G28: =Return!G28-'Return Estimasi'!G28 -> 0.021228273 | H28: =Return!H28-'Return Estimasi'!H28 -> -0.010746523 | I28: =Return!I28-'Return Estimasi'!I28 -> 0.033480589 | J28: =Return!J28-'Return Estimasi'!J28 -> -0.015169174 | ... AF28: =Return!AF28-'Return Estimasi'!AF28 -> -16.481341
A29: 04/21/2025 | B29: =('Data Saham'!B29-'Data Saham'!B28)/'Data Saham'!B28 -> 0.0011959735 | C29: =Return!C29-'Return Estimasi'!C29 -> -0.022917603 | D29: =Return!D29-'Return Estimasi'!D29 -> -0.0078537541 | E29: =Return!E29-'Return Estimasi'!E29 -> 0.0009266279 | F29: =Return!F29-'Return Estimasi'!F29 -> -0.013279272 | G29: =Return!G29-'Return Estimasi'!G29 -> 0.005147958 | H29: =Return!H29-'Return Estimasi'!H29 -> 0.0071637883 | I29: =Return!I29-'Return Estimasi'!I29 -> -0.0033586456 | J29: =Return!J29-'Return Estimasi'!J29 -> 0.0065655811 | ... AF29: =Return!AF29-'Return Estimasi'!AF29 -> -16.640342
A30: 04/22/2025 | B30: =('Data Saham'!B30-'Data Saham'!B29)/'Data Saham'!B29 -> 0.014319024 | C30: =Return!C30-'Return Estimasi'!C30 -> 0.013435673 | D30: =Return!D30-'Return Estimasi'!D30 -> -0.012501809 | E30: =Return!E30-'Return Estimasi'!E30 -> 0.0097709184 | F30: =Return!F30-'Return Estimasi'!F30 -> -0.0070059588 | G30: =Return!G30-'Return Estimasi'!G30 -> -0.022299251 | H30: =Return!H30-'Return Estimasi'!H30 -> -0.020524626 | I30: =Return!I30-'Return Estimasi'!I30 -> -0.011312439 | J30: =Return!J30-'Return Estimasi'!J30 -> -0.024461666 | ... AF30: =Return!AF30-'Return Estimasi'!AF30 -> -16.277326
A31: 04/23/2025 | B31: =('Data Saham'!B31-'Data Saham'!B30)/'Data Saham'!B30 -> 0.014699607 | C31: =Return!C31-'Return Estimasi'!C31 -> 0.01548296 | D31: =Return!D31-'Return Estimasi'!D31 -> 0.020174173 | E31: =Return!E31-'Return Estimasi'!E31 -> 0.02367288 | F31: =Return!F31-'Return Estimasi'!F31 -> 0.022571868 | G31: =Return!G31-'Return Estimasi'!G31 -> 0.016512549 | H31: =Return!H31-'Return Estimasi'!H31 -> 0.0065353753 | I31: =Return!I31-'Return Estimasi'!I31 -> 0.017114981 | J31: =Return!J31-'Return Estimasi'!J31 -> 0.016670503 | ... AF31: =Return!AF31-'Return Estimasi'!AF31 -> -16.254791
A32: 04/24/2025 | B32: =('Data Saham'!B32-'Data Saham'!B31)/'Data Saham'!B31 -> -0.0031502567 | C32: =Return!C32-'Return Estimasi'!C32 -> -0.024308134 | D32: =Return!D32-'Return Estimasi'!D32 -> -0.0060639609 | E32: =Return!E32-'Return Estimasi'!E32 -> 0.00096536789 | F32: =Return!F32-'Return Estimasi'!F32 -> 0.0075975765 | G32: =Return!G32-'Return Estimasi'!G32 -> 0.0012201456 | H32: =Return!H32-'Return Estimasi'!H32 -> -0.0087066443 | I32: =Return!I32-'Return Estimasi'!I32 -> 0.031237724 | J32: =Return!J32-'Return Estimasi'!J32 -> -0.012640665 | ... AF32: =Return!AF32-'Return Estimasi'!AF32 -> -16.75095
A33: 04/25/2025 | B33: =('Data Saham'!B33-'Data Saham'!B32)/'Data Saham'!B32 -> 0.0098949418 | C33: =Return!C33-'Return Estimasi'!C33 -> 0.0078887766 | D33: =Return!D33-'Return Estimasi'!D33 -> -0.0082327055 | E33: =Return!E33-'Return Estimasi'!E33 -> -0.0077156033 | F33: =Return!F33-'Return Estimasi'!F33 -> -0.0010769697 | G33: =Return!G33-'Return Estimasi'!G33 -> -0.021938536 | H33: =Return!H33-'Return Estimasi'!H33 -> 0.011758154 | I33: =Return!I33-'Return Estimasi'!I33 -> -0.002328434 | J33: =Return!J33-'Return Estimasi'!J33 -> 0.028251856 | ... AF33: =Return!AF33-'Return Estimasi'!AF33 -> -16.338495
A34: 04/28/2025 | B34: =('Data Saham'!B34-'Data Saham'!B33)/'Data Saham'!B33 -> 0.0065953777 | C34: =Return!C34-'Return Estimasi'!C34 -> 0.016322632 | D34: =Return!D34-'Return Estimasi'!D34 -> 0.019069034 | E34: =Return!E34-'Return Estimasi'!E34 -> -0.0024498182 | F34: =Return!F34-'Return Estimasi'!F34 -> -0.0078573775 | G34: =Return!G34-'Return Estimasi'!G34 -> -0.022943877 | H34: =Return!H34-'Return Estimasi'!H34 -> 0.0012829549 | I34: =Return!I34-'Return Estimasi'!I34 -> -0.00093002307 | J34: =Return!J34-'Return Estimasi'!J34 -> -0.0085237469 | ... AF34: =Return!AF34-'Return Estimasi'!AF34 -> -16.516106
A35: 04/29/2025 | B35: =('Data Saham'!B35-'Data Saham'!B34)/'Data Saham'!B34 -> 0.0038837002 | C35: =Return!C35-'Return Estimasi'!C35 -> -0.0073949172 | D35: =Return!D35-'Return Estimasi'!D35 -> -0.0023981481 | E35: =Return!E35-'Return Estimasi'!E35 -> 0.0001873924 | F35: =Return!F35-'Return Estimasi'!F35 -> -0.015112761 | G35: =Return!G35-'Return Estimasi'!G35 -> 0.0066023176 | H35: =Return!H35-'Return Estimasi'!H35 -> -0.021470426 | I35: =Return!I35-'Return Estimasi'!I35 -> 0.022946504 | J35: =Return!J35-'Return Estimasi'!J35 -> 0.0090451913 | ... AF35: =Return!AF35-'Return Estimasi'!AF35 -> -16.570726
A36: 04/30/2025 | B36: =('Data Saham'!B36-'Data Saham'!B35)/'Data Saham'!B35 -> 0.0026240614 | C36: =Return!C36-'Return Estimasi'!C36 -> 0.010846419 | D36: =Return!D36-'Return Estimasi'!D36 -> -0.0037636067 | E36: =Return!E36-'Return Estimasi'!E36 -> -0.012766351 | F36: =Return!F36-'Return Estimasi'!F36 -> 0.0075491857 | G36: =Return!G36-'Return Estimasi'!G36 -> 0.015323339 | H36: =Return!H36-'Return Estimasi'!H36 -> -0.0022180557 | I36: =Return!I36-'Return Estimasi'!I36 -> 0.0096419766 | J36: =Return!J36-'Return Estimasi'!J36 -> 0.065972696 | ... AF36: =Return!AF36-'Return Estimasi'!AF36 -> -16.589568
